Rank,Title,Genre,Year,Runtime (Minutes),Rating,Votes,Revenue (Millions),Metascore,Director Exp.,Mean Lead Roles Exp.
1,Guardians of the Galaxy,"Action,Adventure,Sci-Fi",2014,121,8.1,757074,333.13,76.0,6,32.5
2,Prometheus,"Adventure,Mystery,Sci-Fi",2012,124,7.0,485820,126.46,65.0,25,26.25
3,Split,"Horror,Thriller",2016,117,7.3,157606,138.12,62.0,13,12.5
4,Sing,"Animation,Comedy,Family",2016,108,7.2,60545,270.32,59.0,2,23.666666666666668
5,Suicide Squad,"Action,Adventure,Fantasy",2016,123,6.2,393727,325.02,40.0,7,27.5
6,The Great Wall,"Action,Adventure,Fantasy",2016,103,6.1,56036,45.13,42.0,1,51.75
7,La La Land,"Comedy,Drama,Music",2016,128,8.3,258682,151.06,93.0,5,38.75
8,Mindhorn,Comedy,2016,89,6.4,2490,,71.0,2,11.666666666666666
9,The Lost City of Z,"Action,Adventure,Biography",2016,141,7.1,7188,8.01,78.0,7,19.5
10,Passengers,"Adventure,Drama,Romance",2016,116,7.0,192177,100.01,41.0,6,16.333333333333332
11,Fantastic Beasts and Where to Find Them,"Adventure,Family,Fantasy",2016,133,7.5,232072,234.02,66.0,11,13.333333333333334
12,Hidden Figures,"Biography,Drama,History",2016,127,7.8,93103,169.27,74.0,3,27.333333333333332
13,Rogue One,"Action,Adventure,Sci-Fi",2016,133,7.9,323118,532.17,65.0,4,30.5
14,Moana,"Animation,Adventure,Comedy",2016,107,7.7,118151,248.75,81.0,8,17.0
15,Colossal,"Action,Comedy,Drama",2016,109,6.4,8612,2.87,70.0,8,20.333333333333332
16,The Secret Life of Pets,"Animation,Adventure,Comedy",2016,87,6.6,120259,368.31,61.0,6,21.75
17,Hacksaw Ridge,"Biography,Drama,History",2016,139,8.2,211760,67.12,71.0,6,14.333333333333334
18,Jason Bourne,"Action,Thriller",2016,123,6.7,150823,162.16,58.0,10,41.333333333333336
19,Lion,"Biography,Drama",2016,118,8.1,102061,51.69,69.0,2,24.0
20,Arrival,"Drama,Mystery,Sci-Fi",2016,116,8.0,340798,100.5,81.0,10,24.333333333333332
21,Gold,"Adventure,Drama,Thriller",2016,120,6.7,19053,7.22,49.0,4,26.5
22,Manchester by the Sea,Drama,2016,137,7.9,134213,47.7,96.0,4,23.0
23,Hounds of Love,"Crime,Drama,Horror",2016,108,6.7,1115,,72.0,2,4.666666666666667
24,Trolls,"Animation,Adventure,Comedy",2016,92,6.5,38552,153.69,56.0,2,19.0
25,Independence Day: Resurgence,"Action,Adventure,Sci-Fi",2016,120,5.3,127553,103.14,32.0,18,27.0
26,Paris pieds nus,Comedy,2016,83,6.8,222,,,5,11.0
27,Bahubali: The Beginning,"Action,Adventure,Drama",2015,159,8.3,76193,6.5,,8,5.0
28,Dead Awake,"Horror,Thriller",2016,99,4.7,523,0.01,,3,15.0
29,Bad Moms,Comedy,2016,100,6.2,66540,113.08,60.0,3,20.666666666666668
30,Assassin's Creed,"Action,Adventure,Drama",2016,115,5.9,112813,54.65,36.0,4,26.666666666666668
31,Why Him?,Comedy,2016,111,6.3,48123,60.31,39.0,5,32.0
32,Nocturnal Animals,"Drama,Thriller",2016,116,7.5,126030,10.64,67.0,3,38.75
33,X-Men: Apocalypse,"Action,Adventure,Sci-Fi",2016,144,7.1,275510,155.33,52.0,11,27.0
34,Deadpool,"Action,Adventure,Comedy",2016,108,8.0,627797,363.02,65.0,2,23.25
35,Resident Evil: The Final Chapter,"Action,Horror,Sci-Fi",2016,107,5.6,46165,26.84,49.0,13,26.0
36,Captain America: Civil War,"Action,Adventure,Sci-Fi",2016,147,7.9,411656,408.08,75.0,5,18.333333333333332
37,Interstellar,"Adventure,Drama,Sci-Fi",2014,169,8.6,1047747,187.99,74.0,13,29.25
38,Doctor Strange,"Action,Adventure,Fantasy",2016,115,7.6,293732,232.6,72.0,7,27.5
39,The Magnificent Seven,"Action,Adventure,Western",2016,132,6.9,122853,93.38,54.0,13,25.333333333333332
40,5- 25- 77,"Comedy,Drama",2007,113,7.1,241,,,5,28.75
41,Sausage Party,"Animation,Adventure,Comedy",2016,89,6.3,120690,97.66,66.0,4,36.0
42,Moonlight,Drama,2016,111,7.5,135095,27.85,99.0,3,4.5
43,Don't Fuck in the Woods,Horror,2016,73,2.7,496,,,1,1.0
44,The Founder,"Biography,Drama,History",2016,115,7.2,37033,12.79,66.0,6,37.0
45,Lowriders,Drama,2016,99,6.3,279,4.21,57.0,4,9.666666666666666
46,Pirates of the Caribbean: On Stranger Tides,"Action,Adventure,Fantasy",2011,136,6.7,395025,241.06,45.0,7,50.5
47,Miss Sloane,"Drama,Thriller",2016,132,7.3,17818,3.44,64.0,13,33.333333333333336
48,Fallen,"Adventure,Drama,Fantasy",2016,91,5.6,5103,,,11,7.0
49,Star Trek Beyond,"Action,Adventure,Sci-Fi",2016,122,7.1,164567,158.8,68.0,8,25.5
50,The Last Face,Drama,2016,130,3.7,987,,16.0,6,24.0
51,Star Wars: Episode VII - The Force Awakens,"Action,Adventure,Fantasy",2015,136,8.1,661608,936.63,81.0,6,15.5
52,Underworld: Blood Wars,"Action,Adventure,Fantasy",2016,91,5.8,41362,30.35,23.0,2,18.25
53,Mother's Day,"Comedy,Drama",2016,118,5.6,20221,32.46,18.0,19,36.0
54,John Wick,"Action,Crime,Thriller",2014,101,7.2,321933,43.0,68.0,3,53.0
55,The Dark Knight,"Action,Crime,Drama",2008,152,9.0,1791916,533.32,82.0,13,21.0
56,Silence,"Adventure,Drama,History",2016,161,7.3,49190,7.08,79.0,43,10.666666666666666
57,Don't Breathe,"Crime,Horror,Thriller",2016,88,7.2,121103,89.21,71.0,3,18.75
58,Me Before You,"Drama,Romance",2016,106,7.4,113322,56.23,51.0,2,24.5
59,Their Finest,"Comedy,Drama,Romance",2016,117,7.0,3739,3.18,76.0,9,31.5
60,Sully,"Biography,Drama",2016,96,7.5,137608,125.07,74.0,36,39.25
61,Batman v Superman: Dawn of Justice,"Action,Adventure,Sci-Fi",2016,151,6.7,472307,330.25,44.0,10,35.0
62,The Autopsy of Jane Doe,"Horror,Mystery,Thriller",2016,86,6.8,35870,,65.0,3,36.0
63,The Girl on the Train,"Crime,Drama,Mystery",2016,112,6.5,102177,75.31,48.0,5,19.25
64,Fifty Shades of Grey,"Drama,Romance,Thriller",2015,125,4.1,244474,166.15,46.0,4,8.666666666666666
65,The Prestige,"Drama,Mystery,Sci-Fi",2006,130,8.5,913152,53.08,66.0,13,61.5
66,Kingsman: The Secret Service,"Action,Adventure,Comedy",2014,129,7.7,440209,128.25,58.0,6,20.0
67,Patriots Day,"Drama,History,Thriller",2016,133,7.4,39784,31.86,69.0,11,64.0
68,Mad Max: Fury Road,"Action,Adventure,Sci-Fi",2015,120,8.1,632842,153.63,90.0,11,31.25
69,Wakefield,Drama,2016,106,7.5,291,0.01,61.0,3,21.666666666666668
70,Deepwater Horizon,"Action,Drama,Thriller",2016,107,7.2,89849,61.28,68.0,11,37.5
71,The Promise,"Drama,History",2016,133,5.9,149791,,49.0,7,27.0
72,Allied,"Action,Drama,Romance",2016,124,7.1,78079,40.07,60.0,20,39.0
73,A Monster Calls,"Drama,Fantasy",2016,108,7.5,39134,3.73,76.0,1,24.0
74,Collateral Beauty,"Drama,Romance",2016,97,6.8,43977,30.98,23.0,9,35.5
75,Zootopia,"Animation,Adventure,Comedy",2016,108,8.1,296853,341.26,78.0,5,27.5
76,Pirates of the Caribbean: At World's End,"Action,Adventure,Fantasy",2007,169,7.1,498821,309.4,50.0,11,33.666666666666664
77,The Avengers,"Action,Sci-Fi",2012,143,8.1,1045588,623.28,69.0,6,35.0
78,Inglourious Basterds,"Adventure,Drama,War",2009,153,8.3,959065,120.52,69.0,13,31.666666666666668
79,Pirates of the Caribbean: Dead Man's Chest,"Action,Adventure,Fantasy",2006,151,7.3,552027,423.03,53.0,11,38.0
80,Ghostbusters,"Action,Comedy,Fantasy",2016,116,5.3,147717,128.34,60.0,7,23.75
81,Inception,"Action,Adventure,Sci-Fi",2010,148,8.8,1583625,292.57,74.0,13,29.25
82,Captain Fantastic,"Comedy,Drama",2016,118,7.9,105081,5.88,72.0,3,20.0
83,The Wolf of Wall Street,"Biography,Comedy,Crime",2013,180,8.2,865134,116.87,75.0,43,25.0
84,Gone Girl,"Crime,Drama,Mystery",2014,149,8.1,636243,167.74,79.0,11,26.333333333333332
85,Furious Seven,"Action,Crime,Thriller",2015,137,7.2,301249,350.03,67.0,10,34.0
86,Jurassic World,"Action,Adventure,Sci-Fi",2015,124,7.0,455169,652.18,59.0,4,15.0
87,Live by Night,"Crime,Drama",2016,129,6.4,27869,10.38,49.0,5,43.25
88,Avatar,"Action,Adventure,Fantasy",2009,162,7.8,935408,760.51,83.0,13,40.25
89,The Hateful Eight,"Crime,Drama,Mystery",2015,187,7.8,341170,54.12,68.0,13,64.5
90,The Accountant,"Action,Crime,Drama",2016,128,7.4,162122,86.2,51.0,7,46.75
91,Prisoners,"Crime,Drama,Mystery",2013,153,8.1,431185,60.96,74.0,10,24.333333333333332
92,Warcraft,"Action,Adventure,Fantasy",2016,123,7.0,187547,47.17,32.0,4,23.0
93,The Help,Drama,2011,146,8.1,342429,169.71,62.0,5,35.0
94,War Dogs,"Comedy,Crime,Drama",2016,114,7.1,106463,43.02,57.0,11,15.25
95,Avengers: Age of Ultron,"Action,Adventure,Sci-Fi",2015,141,7.4,516895,458.99,66.0,6,43.75
96,The Nice Guys,"Action,Comedy,Crime",2016,116,7.4,175067,36.25,70.0,4,21.0
97,Kimi no na wa,"Animation,Drama,Fantasy",2016,106,8.6,34110,4.68,79.0,12,3.0
98,The Void,"Horror,Mystery,Sci-Fi",2016,90,5.8,9247,0.15,62.0,4,5.0
99,Personal Shopper,"Drama,Mystery,Thriller",2016,105,6.3,10181,1.29,77.0,15,16.333333333333332
100,The Departed,"Crime,Drama,Thriller",2006,151,8.5,937414,132.37,85.0,43,51.25
101,Legend,"Biography,Crime,Drama",2015,132,7.0,108836,1.87,55.0,7,18.25
102,Thor,"Action,Adventure,Fantasy",2011,115,7.0,570814,181.02,57.0,15,39.5
103,The Martian,"Adventure,Drama,Sci-Fi",2015,144,8.0,556097,228.43,80.0,25,42.5
104,Contratiempo,"Crime,Mystery,Thriller",2016,106,7.9,7204,,,3,11.25
105,The Man from U.N.C.L.E.,"Action,Adventure,Comedy",2015,116,7.3,202973,45.43,56.0,11,14.25
106,Hell or High Water,"Crime,Drama,Thriller",2016,102,7.7,115546,26.86,88.0,9,37.0
107,The Comedian,Comedy,2016,120,5.4,1954,1.66,40.0,15,56.5
108,The Legend of Tarzan,"Action,Adventure,Drama",2016,110,6.3,117590,126.59,44.0,11,12.25
109,All We Had,Drama,2016,105,5.8,1004,,48.0,2,12.75
110,Ex Machina,"Drama,Mystery,Sci-Fi",2014,108,7.7,339797,25.44,78.0,2,13.0
111,The Belko Experiment,"Action,Horror,Thriller",2016,89,6.3,3712,10.16,44.0,6,21.75
112,12 Years a Slave,"Biography,Drama,History",2013,134,8.1,486338,56.67,96.0,4,39.5
113,The Bad Batch,"Romance,Sci-Fi",2016,118,6.1,512,,65.0,3,33.5
114,300,"Action,Fantasy,War",2006,117,7.7,637104,210.59,52.0,10,34.25
115,Harry Potter and the Deathly Hallows: Part 2,"Adventure,Drama,Fantasy",2011,130,8.1,590595,380.96,87.0,11,33.25
116,Office Christmas Party,Comedy,2016,105,5.8,30761,54.73,42.0,4,21.0
117,The Neon Demon,"Horror,Thriller",2016,118,6.2,50359,1.33,51.0,11,31.75
118,Dangal,"Action,Biography,Drama",2016,161,8.8,48969,11.15,,3,11.333333333333334
119,10 Cloverfield Lane,"Drama,Horror,Mystery",2016,104,7.2,192968,71.9,76.0,3,40.75
120,Finding Dory,"Animation,Adventure,Comedy",2016,97,7.4,157026,486.29,77.0,6,7.666666666666667
121,Miss Peregrine's Home for Peculiar Children,"Adventure,Drama,Family",2016,127,6.7,101058,87.24,57.0,22,50.25
122,Divergent,"Adventure,Mystery,Sci-Fi",2014,139,6.7,362093,150.83,48.0,6,19.0
123,Mike and Dave Need Wedding Dates,"Adventure,Comedy,Romance",2016,98,6.0,53183,46.01,51.0,5,25.0
124,Boyka: Undisputed IV,Action,2016,86,7.4,10428,,,4,13.25
125,The Dark Knight Rises,"Action,Thriller",2012,164,8.5,1222645,448.13,78.0,13,26.666666666666668
126,The Jungle Book,"Adventure,Drama,Family",2016,106,7.5,198243,364.0,77.0,9,46.25
127,Transformers: Age of Extinction,"Action,Adventure,Sci-Fi",2014,165,5.7,255483,245.43,32.0,14,36.5
128,Nerve,"Adventure,Crime,Mystery",2016,96,6.6,69651,38.56,58.0,6,19.0
129,Mamma Mia!,"Comedy,Family,Musical",2008,108,6.4,153481,143.7,51.0,3,41.666666666666664
130,The Revenant,"Adventure,Drama,Thriller",2015,156,8.0,499424,183.64,76.0,10,25.25
131,Fences,Drama,2016,139,7.3,50953,57.64,79.0,4,27.0
132,Into the Woods,"Adventure,Comedy,Drama",2014,125,6.0,109756,128.0,69.0,7,39.5
133,The Shallows,"Drama,Horror,Thriller",2016,86,6.4,78328,55.12,59.0,8,13.75
134,Whiplash,"Drama,Music",2014,107,8.5,477276,13.09,88.0,5,32.25
135,Furious 6,"Action,Crime,Thriller",2013,130,7.1,318051,238.67,61.0,8,30.5
136,The Place Beyond the Pines,"Crime,Drama,Thriller",2012,140,7.3,200090,21.38,68.0,4,21.666666666666668
137,No Country for Old Men,"Crime,Drama,Thriller",2007,122,8.1,660286,74.27,91.0,11,51.5
138,The Great Gatsby,"Drama,Romance",2013,143,7.3,386102,144.81,55.0,6,17.333333333333332
139,Shutter Island,"Mystery,Thriller",2010,138,8.1,855604,127.97,63.0,43,23.333333333333332
140,Brimstone,"Mystery,Thriller,Western",2016,148,7.1,13004,,44.0,4,28.0
141,Star Trek,"Action,Adventure,Sci-Fi",2009,127,8.0,526324,257.7,82.0,6,28.75
142,Diary of a Wimpy Kid,"Comedy,Family",2010,94,6.2,34184,64.0,56.0,4,9.0
143,The Big Short,"Biography,Comedy,Drama",2015,130,7.8,246360,70.24,81.0,8,41.5
144,Room,Drama,2015,118,8.2,224132,14.68,86.0,6,11.333333333333334
145,Django Unchained,"Drama,Western",2012,165,8.4,1039115,162.8,81.0,13,20.333333333333332
146,Ah-ga-ssi,"Drama,Mystery,Romance",2016,144,8.1,33418,2.01,84.0,1,1.0
147,The Edge of Seventeen,"Comedy,Drama",2016,104,7.4,47694,14.26,77.0,2,16.0
148,Watchmen,"Action,Drama,Mystery",2009,162,7.6,410249,107.5,56.0,10,21.333333333333332
149,Superbad,Comedy,2007,113,7.6,442082,121.46,76.0,7,34.25
150,Inferno,"Action,Adventure,Crime",2016,121,6.2,97623,34.26,42.0,27,42.0
151,The BFG,"Adventure,Family,Fantasy",2016,117,6.4,50853,55.47,66.0,34,6.333333333333333
152,The Hunger Games,"Adventure,Sci-Fi,Thriller",2012,142,7.2,735604,408.0,68.0,5,15.666666666666666
153,White Girl,Drama,2016,88,5.8,4299,0.2,65.0,2,12.0
154,Sicario,"Action,Crime,Drama",2015,121,7.6,243230,46.88,82.0,10,24.75
155,Twin Peaks: The Missing Pieces,"Drama,Horror,Mystery",2014,91,8.1,1973,,,31,18.75
156,Aliens vs Predator - Requiem,"Action,Horror,Sci-Fi",2007,94,4.7,97618,41.8,29.0,3,11.333333333333334
157,Pacific Rim,"Action,Adventure,Sci-Fi",2013,131,7.0,400519,101.79,64.0,10,17.0
158,"Crazy, Stupid, Love.","Comedy,Drama,Romance",2011,118,7.4,396714,84.24,68.0,5,38.25
159,Scott Pilgrim vs. the World,"Action,Comedy,Fantasy",2010,112,7.5,291457,31.49,69.0,7,23.5
160,Hot Fuzz,"Action,Comedy,Mystery",2007,121,7.9,373244,23.62,81.0,7,38.75
161,Mine,"Thriller,War",2016,106,6.0,5926,,40.0,2,9.0
162,Free Fire,"Action,Comedy,Crime",2016,90,7.0,6946,1.8,63.0,8,21.5
163,X-Men: Days of Future Past,"Action,Adventure,Sci-Fi",2014,132,8.0,552298,233.91,74.0,11,45.5
164,Jack Reacher: Never Go Back,"Action,Adventure,Crime",2016,118,6.1,78043,58.4,47.0,14,26.25
165,Casino Royale,"Action,Adventure,Thriller",2006,144,8.0,495106,167.01,80.0,13,36.5
166,Twilight,"Drama,Fantasy,Romance",2008,122,5.2,361449,191.45,56.0,8,21.333333333333332
167,Now You See Me 2,"Action,Adventure,Comedy",2016,129,6.5,156567,65.03,46.0,8,44.0
168,Woman in Gold,"Biography,Drama,History",2015,109,7.3,39723,33.31,51.0,3,47.5
169,13 Hours,"Action,Drama,History",2016,144,7.3,76935,52.82,48.0,14,15.333333333333334
170,Spectre,"Action,Adventure,Thriller",2015,148,6.8,308981,200.07,60.0,8,34.5
171,Nightcrawler,"Crime,Drama,Thriller",2014,118,7.9,332476,32.28,76.0,2,33.25
172,Kubo and the Two Strings,"Animation,Adventure,Family",2016,101,7.9,72778,48.02,84.0,2,37.25
173,Beyond the Gates,"Adventure,Horror",2016,84,5.2,2127,,59.0,2,4.333333333333333
174,Her,"Drama,Romance,Sci-Fi",2013,126,8.0,390531,25.56,90.0,15,25.0
175,Frozen,"Animation,Adventure,Comedy",2013,102,7.5,451894,400.74,74.0,5,19.0
176,Tomorrowland,"Action,Adventure,Family",2015,130,6.5,143069,93.42,60.0,7,26.5
177,Dawn of the Planet of the Apes,"Action,Adventure,Drama",2014,130,7.6,337777,208.54,79.0,6,35.25
178,Tropic Thunder,"Action,Comedy",2008,107,7.0,321442,110.42,71.0,7,49.75
179,The Conjuring 2,"Horror,Mystery,Thriller",2016,134,7.4,137203,102.46,65.0,10,25.5
180,Ant Man,"Action,Adventure,Comedy",2015,117,7.3,368912,180.19,64.0,7,33.5
181,Bridget Jones's Baby,"Comedy,Romance",2016,118,6.7,43086,24.09,59.0,5,21.333333333333332
182,The VVitch: A New-England Folktale,"Horror,Mystery",2015,92,6.8,101781,25.14,83.0,2,19.5
183,Cinderella,"Drama,Family,Fantasy",2015,105,7.0,117018,201.15,67.0,15,20.666666666666668
184,Realive,Sci-Fi,2016,112,5.9,1176,,,6,11.0
185,Forushande,"Drama,Thriller",2016,124,8.0,22389,3.4,85.0,7,4.666666666666667
186,Love,"Drama,Romance",2015,135,6.0,24003,,51.0,9,3.5
187,Billy Lynn's Long Halftime Walk,"Drama,War",2016,113,6.3,11944,1.72,53.0,15,7.0
188,Crimson Peak,"Drama,Fantasy,Horror",2015,119,6.6,97454,31.06,66.0,10,21.75
189,Drive,"Crime,Drama",2011,100,7.8,461509,35.05,78.0,11,26.5
190,Trainwreck,"Comedy,Drama,Romance",2015,125,6.3,106364,110.01,75.0,6,26.25
191,The Light Between oceans,"Drama,Romance",2016,133,7.2,27382,12.53,60.0,4,23.75
192,Below Her Mouth,Drama,2016,94,5.6,1445,,42.0,3,3.0
193,Spotlight,"Crime,Drama,History",2015,128,8.1,268282,44.99,93.0,6,46.75
194,Morgan,"Horror,Sci-Fi,Thriller",2016,92,5.8,22107,3.91,48.0,2,9.75
195,Warrior,"Action,Drama,Sport",2011,140,8.2,355722,13.65,71.0,7,41.75
196,Captain America: The First Avenger,"Action,Adventure,Sci-Fi",2011,124,6.9,547368,176.64,66.0,11,25.0
197,Hacker,"Crime,Drama,Thriller",2016,95,6.3,3799,,,6,7.75
198,Into the Wild,"Adventure,Biography,Drama",2007,148,8.1,459304,18.35,73.0,6,43.25
199,The Imitation Game,"Biography,Drama,Thriller",2014,114,8.1,532353,91.12,73.0,6,26.0
200,Central Intelligence,"Action,Comedy,Crime",2016,107,6.3,97082,127.38,52.0,5,26.25
201,Edge of Tomorrow,"Action,Adventure,Sci-Fi",2014,113,7.9,471815,100.19,71.0,10,48.5
202,A Cure for Wellness,"Drama,Fantasy,Horror",2016,146,6.5,12193,8.1,47.0,11,18.25
203,Snowden,"Biography,Drama,Thriller",2016,134,7.3,79855,21.48,58.0,26,17.333333333333332
204,Iron Man,"Action,Adventure,Sci-Fi",2008,126,7.9,737719,318.3,79.0,9,59.25
205,Allegiant,"Action,Adventure,Mystery",2016,120,5.7,70504,66.0,33.0,8,8.333333333333334
206,X: First Class,"Action,Adventure,Sci-Fi",2011,132,7.8,550011,146.41,65.0,6,37.75
207,Raw II,"Drama,Horror",2016,99,7.5,5435,0.51,81.0,2,2.0
208,Paterson,"Comedy,Drama,Romance",2016,118,7.5,26089,2.14,90.0,16,12.75
209,Bridesmaids,"Comedy,Romance",2011,125,6.8,227912,169.08,75.0,7,38.5
210,The Girl with All the Gifts,"Drama,Horror,Thriller",2016,111,6.7,23713,,67.0,2,27.333333333333332
211,San Andreas,"Action,Adventure,Drama",2015,114,6.1,161396,155.18,43.0,5,28.333333333333332
212,Spring Breakers,Drama,2012,94,5.3,114290,14.12,63.0,11,14.0
213,Transformers,"Action,Adventure,Sci-Fi",2007,144,7.1,531112,318.76,61.0,14,21.75
214,Old Boy,"Action,Drama,Mystery",2013,104,5.8,54679,,49.0,37,50.25
215,Thor: The Dark World,"Action,Adventure,Fantasy",2013,112,7.0,443584,206.36,54.0,5,21.333333333333332
216,Gods of Egypt,"Action,Adventure,Fantasy",2016,126,5.5,73568,31.14,25.0,7,20.75
217,Captain America: The Winter Soldier,"Action,Adventure,Sci-Fi",2014,136,7.8,542362,259.75,70.0,5,28.333333333333332
218,Monster Trucks,"Action,Adventure,Comedy",2016,104,5.7,7044,33.04,41.0,5,24.0
219,A Dark Song,"Drama,Horror",2016,100,6.1,1703,,67.0,2,3.3333333333333335
220,Kick-Ass,"Action,Comedy",2010,117,7.7,456749,48.04,66.0,6,37.25
221,Hardcore Henry,"Action,Adventure,Sci-Fi",2015,96,6.7,61098,9.24,51.0,2,25.75
222,Cars,"Animation,Adventure,Comedy",2006,117,7.1,283445,244.05,73.0,11,41.25
223,It Follows,"Horror,Mystery",2014,100,6.9,136399,14.67,83.0,3,8.0
224,The Girl with the Dragon Tattoo,"Crime,Drama,Mystery",2011,158,7.8,348551,102.52,71.0,11,21.666666666666668
225,We're the Millers,"Comedy,Crime",2013,110,7.0,334867,150.37,44.0,5,31.0
226,American Honey,Drama,2016,163,7.0,19660,0.66,79.0,8,11.0
227,The Lobster,"Comedy,Drama,Romance",2015,119,7.1,121313,8.7,82.0,6,30.0
228,Predators,"Action,Adventure,Sci-Fi",2010,107,6.4,179450,52.0,51.0,6,39.666666666666664
229,Maleficent,"Action,Adventure,Family",2014,97,7.0,268877,241.41,56.0,2,25.0
230,Rupture,"Horror,Sci-Fi,Thriller",2016,102,4.8,2382,,35.0,5,12.0
231,Pan's Labyrinth,"Drama,Fantasy,War",2006,118,8.2,498879,37.62,98.0,10,8.333333333333334
232,A Kind of Murder,"Crime,Drama,Thriller",2016,95,5.2,3305,0.0,50.0,4,24.5
233,Apocalypto,"Action,Adventure,Drama",2006,139,7.8,247926,50.86,68.0,6,7.666666666666667
234,Mission: Impossible - Rogue Nation,"Action,Adventure,Thriller",2015,131,7.4,257472,195.0,75.0,4,32.25
235,The Huntsman: Winter's War,"Action,Adventure,Drama",2016,114,6.1,66766,47.95,35.0,4,30.5
236,The Perks of Being a Wallflower,"Drama,Romance",2012,102,8.0,377336,17.74,67.0,2,27.0
237,Jackie,"Biography,Drama,History",2016,100,6.8,41446,13.96,81.0,7,27.666666666666668
238,The Disappointments Room,"Drama,Horror,Thriller",2016,85,3.9,4895,2.41,31.0,10,18.25
239,The Grand Budapest Hotel,"Adventure,Comedy,Drama",2014,99,8.1,530881,59.07,88.0,11,33.666666666666664
240,The Host,"Action,Adventure,Romance",2013,125,5.9,96852,26.62,35.0,7,18.5
241,Fury,"Action,Drama,War",2014,134,7.6,332234,85.71,64.0,7,37.5
242,Inside Out,"Animation,Adventure,Comedy",2015,95,8.2,416689,356.45,94.0,5,31.25
243,Rock Dog,"Animation,Adventure,Comedy",2016,90,5.8,1109,9.4,48.0,5,50.0
244,Terminator Genisys,"Action,Adventure,Sci-Fi",2015,126,6.5,205365,89.73,38.0,5,24.333333333333332
245,Percy Jackson & the Olympians: The Lightning Thief,"Adventure,Family,Fantasy",2010,118,5.9,148949,88.76,47.0,16,15.333333333333334
246,Les Misérables,"Drama,Musical,Romance",2012,158,7.6,257426,148.78,63.0,11,26.666666666666668
247,Children of Men,"Drama,Sci-Fi,Thriller",2006,109,7.9,382910,35.29,84.0,9,37.0
248,20th Century Women,"Comedy,Drama",2016,119,7.4,14708,5.66,83.0,5,31.25
249,Spy,"Action,Comedy,Crime",2015,119,7.1,188017,110.82,75.0,7,38.0
250,The Intouchables,"Biography,Comedy,Drama",2011,112,8.6,557965,13.18,57.0,5,21.0
251,Bonjour Anne,"Comedy,Drama,Romance",2016,92,4.9,178,0.32,50.0,3,33.5
252,Kynodontas,"Drama,Thriller",2009,94,7.3,50946,0.11,73.0,6,4.75
253,Straight Outta Compton,"Biography,Drama,History",2015,147,7.9,139831,161.03,72.0,10,3.0
254,The Amazing Spider-Man 2,"Action,Adventure,Sci-Fi",2014,142,6.7,342183,202.85,53.0,5,37.5
255,The Conjuring,"Horror,Mystery,Thriller",2013,112,7.5,330305,137.39,68.0,10,41.0
256,The Hangover,Comedy,2009,100,7.8,611563,277.31,73.0,11,29.0
257,Battleship,"Action,Adventure,Sci-Fi",2012,131,5.8,210349,65.17,41.0,11,11.333333333333334
258,Rise of the Planet of the Apes,"Action,Drama,Sci-Fi",2011,105,7.6,422290,176.74,68.0,4,39.25
259,Lights Out,Horror,2016,81,6.4,69823,67.24,58.0,3,9.666666666666666
260,Norman: The Moderate Rise and Tragic Fall of a New York Fixer,"Drama,Thriller",2016,118,7.1,664,2.27,76.0,5,20.666666666666668
261,Birdman or (The Unexpected Virtue of Ignorance),"Comedy,Drama,Romance",2014,119,7.8,440299,42.34,88.0,10,23.666666666666668
262,Black Swan,"Drama,Thriller",2010,108,8.0,581518,106.95,79.0,7,24.333333333333332
263,Dear White People,"Comedy,Drama",2014,108,6.2,21715,4.4,79.0,2,6.333333333333333
264,Nymphomaniac: Vol. I,Drama,2013,117,7.0,90556,0.79,64.0,22,39.5
265,Teenage Mutant Ninja Turtles: Out of the Shadows,"Action,Adventure,Comedy",2016,112,6.0,59312,0.54,40.0,3,30.5
266,Knock Knock,"Drama,Horror,Thriller",2015,99,4.9,53441,0.03,53.0,6,21.25
267,Dirty Grandpa,Comedy,2016,102,6.0,75137,35.54,18.0,3,41.75
268,Cloud Atlas,"Drama,Sci-Fi",2012,172,7.5,298651,27.1,55.0,12,47.25
269,X-Men Origins: Wolverine,"Action,Adventure,Sci-Fi",2009,107,6.7,388447,179.88,40.0,6,47.0
270,Satanic,Horror,2016,85,3.7,2384,,,2,11.5
271,Skyfall,"Action,Adventure,Thriller",2012,143,7.8,547386,304.36,81.0,8,36.0
272,The Hobbit: An Unexpected Journey,"Adventure,Fantasy",2012,169,7.9,668651,303.0,58.0,15,26.0
273,21 Jump Street,"Action,Comedy,Crime",2012,110,7.2,432046,138.45,69.0,5,26.333333333333332
274,Sing Street,"Comedy,Drama,Music",2016,106,8.0,52144,3.23,79.0,5,13.25
275,Ballerina,"Animation,Adventure,Comedy",2016,89,6.8,4729,,,2,14.75
276,Oblivion,"Action,Adventure,Mystery",2013,124,7.0,410125,89.02,54.0,3,43.25
277,22 Jump Street,"Action,Comedy,Crime",2014,112,7.1,280110,191.62,71.0,5,26.333333333333332
278,Zodiac,"Crime,Drama,History",2007,157,7.7,329683,33.05,78.0,11,34.666666666666664
279,Everybody Wants Some!!,Comedy,2016,117,7.0,36312,3.37,83.0,19,4.0
280,Iron Man Three,"Action,Adventure,Sci-Fi",2013,130,7.2,591023,408.99,62.0,4,38.0
281,Now You See Me,"Crime,Mystery,Thriller",2013,115,7.3,492324,117.7,50.0,8,47.75
282,Sherlock Holmes,"Action,Adventure,Crime",2009,128,7.6,501769,209.02,57.0,11,53.0
283,Death Proof,Thriller,2007,113,7.1,220236,,,13,36.25
284,The Danish Girl,"Biography,Drama,Romance",2015,119,7.0,110773,12.71,66.0,11,22.25
285,Hercules,"Action,Adventure",2014,98,6.0,122838,72.66,47.0,13,48.75
286,Sucker Punch,"Action,Fantasy",2011,110,6.1,204874,36.38,33.0,10,11.333333333333334
287,Keeping Up with the Joneses,"Action,Comedy",2016,105,5.8,30405,14.9,34.0,7,26.0
288,Jupiter Ascending,"Action,Adventure,Sci-Fi",2015,127,5.3,150121,47.38,40.0,8,33.666666666666664
289,Masterminds,"Action,Comedy,Crime",2016,95,5.8,26508,17.36,47.0,7,34.25
290,Iris,Thriller,2016,99,6.1,726,,,3,12.75
291,Busanhaeng,"Action,Drama,Horror",2016,118,7.5,58782,2.13,72.0,1,1.0
292,Pitch Perfect,"Comedy,Music,Romance",2012,112,7.2,226631,65.0,66.0,3,21.5
293,Neighbors 2: Sorority Rising,Comedy,2016,92,5.7,76327,55.29,58.0,7,35.75
294,The Exception,Drama,2016,107,7.7,96,,,2,27.25
295,Man of Steel,"Action,Adventure,Fantasy",2013,143,7.1,577010,291.02,55.0,10,41.5
296,The Choice,"Drama,Romance",2016,111,6.6,20514,18.71,26.0,4,11.666666666666666
297,Ice Age: Collision Course,"Animation,Adventure,Comedy",2016,94,5.7,34523,64.06,34.0,7,41.75
298,The Devil Wears Prada,"Comedy,Drama",2006,109,6.8,302268,124.73,62.0,9,36.25
299,The Infiltrator,"Biography,Crime,Drama",2016,127,7.1,43929,15.43,66.0,5,43.75
300,There Will Be Blood,"Drama,History",2007,158,8.1,400682,40.22,92.0,9,16.333333333333332
301,The Equalizer,"Action,Crime,Thriller",2014,132,7.2,249425,101.53,57.0,13,34.0
302,Lone Survivor,"Action,Biography,Drama",2013,121,7.5,218996,125.07,60.0,11,30.25
303,The Cabin in the Woods,Horror,2012,95,7.0,295554,42.04,72.0,2,10.666666666666666
304,The House Bunny,"Comedy,Romance",2008,97,5.5,67033,48.24,55.0,7,25.5
305,She's Out of My League,"Comedy,Romance",2010,104,6.4,105619,31.58,46.0,3,23.5
306,Inherent Vice,"Comedy,Crime,Drama",2014,148,6.7,69509,8.09,81.0,9,27.0
307,Alice Through the Looking Glass,"Adventure,Family,Fantasy",2016,113,6.2,57207,77.04,34.0,4,45.0
308,Vincent N Roxxy,"Crime,Drama,Thriller",2016,110,5.5,403,,,2,18.0
309,The Fast and the Furious: Tokyo Drift,"Action,Crime,Thriller",2006,104,6.0,193479,62.49,45.0,8,9.5
310,How to Be Single,"Comedy,Romance",2016,110,6.1,59886,46.81,51.0,3,21.0
311,The Blind Side,"Biography,Drama,Sport",2009,129,7.7,237221,255.95,53.0,6,15.333333333333334
312,La vie d'Adèle,"Drama,Romance",2013,180,7.8,103150,2.2,88.0,6,13.75
313,The Babadook,"Drama,Horror",2014,93,6.8,132580,0.92,86.0,2,6.75
314,The Hobbit: The Battle of the Five Armies,"Adventure,Fantasy",2014,144,7.4,385598,255.11,59.0,15,26.0
315,Harry Potter and the Order of the Phoenix,"Adventure,Family,Fantasy",2007,138,7.5,385325,292.0,71.0,11,29.5
316,Snowpiercer,"Action,Drama,Sci-Fi",2013,126,7.0,199048,4.56,84.0,1,46.25
317,The 5th Wave,"Action,Adventure,Sci-Fi",2016,112,5.2,73093,34.91,33.0,3,12.666666666666666
318,The Stakelander,"Action,Horror",2016,81,5.3,1263,,,3,6.25
319,The Visit,"Comedy,Horror,Thriller",2015,94,6.2,81429,65.07,55.0,13,7.25
320,Fast Five,"Action,Crime,Thriller",2011,131,7.3,300803,209.81,66.0,8,27.0
321,Step Up,"Crime,Drama,Music",2006,104,6.5,95960,65.27,48.0,6,10.75
322,Lovesong,Drama,2016,84,6.4,616,0.01,74.0,6,13.0
323,RocknRolla,"Action,Crime,Thriller",2008,114,7.3,203096,5.69,53.0,11,42.5
324,In Time,"Action,Sci-Fi,Thriller",2011,109,6.7,319025,37.55,53.0,7,17.0
325,The Social Network,"Biography,Drama",2010,120,7.7,510100,96.92,95.0,11,15.333333333333334
326,The Last Witch Hunter,"Action,Adventure,Fantasy",2015,106,6.0,71149,27.36,34.0,6,26.25
327,Victor Frankenstein,"Drama,Horror,Sci-Fi",2015,110,6.0,37975,5.77,36.0,9,20.25
328,A Street Cat Named Bob,"Biography,Comedy,Drama",2016,103,7.4,12643,0.04,54.0,20,8.25
329,Green Room,"Crime,Horror,Thriller",2015,95,7.0,62885,3.22,79.0,4,22.666666666666668
330,Blackhat,"Crime,Drama,Mystery",2015,133,5.4,43085,7.1,51.0,13,19.5
331,Storks,"Animation,Adventure,Comedy",2016,87,6.9,34248,72.66,56.0,7,21.333333333333332
332,American Sniper,"Action,Biography,Drama",2014,133,7.3,353305,350.12,72.0,36,22.0
333,Dallas Buyers Club,"Biography,Drama",2013,117,8.0,352801,27.3,84.0,7,37.75
334,Lincoln,"Biography,Drama,History",2012,150,7.4,207497,182.2,86.0,34,19.0
335,Rush,"Action,Biography,Drama",2013,123,8.1,339722,26.9,75.0,27,21.333333333333332
336,Before I Wake,"Drama,Fantasy,Horror",2016,97,6.1,18201,,,6,24.333333333333332
337,Silver Linings Playbook,"Comedy,Drama,Romance",2012,122,7.8,564364,132.09,81.0,10,45.5
338,Tracktown,"Drama,Sport",2016,88,5.9,115,,64.0,2,9.5
339,The Fault in Our Stars,"Drama,Romance",2014,126,7.8,271301,124.87,69.0,3,20.5
340,Blended,"Comedy,Romance",2014,117,6.5,93764,46.28,31.0,9,37.75
341,Fast & Furious,"Action,Crime,Thriller",2009,107,6.6,217464,155.02,46.0,8,25.5
342,Looper,"Action,Crime,Drama",2012,119,7.4,452369,66.47,84.0,4,47.0
343,White House Down,"Action,Drama,Thriller",2013,131,6.4,173320,73.1,52.0,18,25.666666666666668
344,Pete's Dragon,"Adventure,Family,Fantasy",2016,102,6.8,36322,76.2,71.0,5,23.333333333333332
345,Spider-Man 3,"Action,Adventure",2007,139,6.2,406219,336.53,59.0,16,32.25
346,The Three Musketeers,"Action,Adventure,Romance",2011,110,5.8,92329,20.32,35.0,13,22.5
347,Stardust,"Adventure,Family,Fantasy",2007,127,7.7,220664,38.35,66.0,6,26.75
348,American Hustle,"Crime,Drama",2013,138,7.3,379088,150.12,90.0,10,28.333333333333332
349,Jennifer's Body,"Comedy,Horror",2009,102,5.1,96617,16.2,47.0,6,23.0
350,Midnight in Paris,"Comedy,Fantasy,Romance",2011,94,7.7,320323,56.82,81.0,50,43.0
351,Lady Macbeth,Drama,2016,89,7.3,1396,,83.0,2,7.75
352,Joy,Drama,2015,124,6.6,97679,56.44,56.0,10,45.5
353,The Dressmaker,"Comedy,Drama",2015,119,7.1,33352,2.02,47.0,5,23.0
354,Café Society,"Comedy,Drama,Romance",2016,96,6.7,45579,11.08,64.0,50,30.25
355,Insurgent,"Adventure,Sci-Fi,Thriller",2015,119,6.3,171970,130.0,42.0,8,7.333333333333333
356,Seventh Son,"Action,Adventure,Fantasy",2014,102,5.5,59958,17.18,30.0,7,42.75
357,Demain tout commence,"Comedy,Drama",2016,118,7.4,5496,,,3,14.5
358,The Theory of Everything,"Biography,Drama,Romance",2014,123,7.7,299718,35.89,72.0,7,12.0
359,This Is the End,"Comedy,Fantasy",2013,107,6.6,327838,101.47,67.0,3,42.0
360,About Time,"Comedy,Drama,Fantasy",2013,123,7.8,221600,15.29,55.0,5,16.0
361,Step Brothers,Comedy,2008,98,6.9,223065,100.47,51.0,8,39.0
362,Clown,"Horror,Thriller",2014,100,5.7,14248,0.05,42.0,4,23.0
363,Star Trek Into Darkness,"Action,Adventure,Sci-Fi",2013,132,7.8,417663,228.76,72.0,6,28.0
364,Zombieland,"Adventure,Comedy,Horror",2009,88,7.7,409403,75.59,73.0,4,19.0
365,"Hail, Caesar!","Comedy,Mystery",2016,106,6.3,89059,30.0,72.0,11,39.5
366,Slumdog Millionaire,Drama,2008,120,8.0,677044,141.32,86.0,15,17.0
367,The Twilight Saga: Breaking Dawn - Part 2,"Adventure,Drama,Fantasy",2012,115,5.5,194329,292.3,52.0,11,25.0
368,American Wrestler: The Wizard,"Drama,Sport",2016,117,6.9,286,,,5,33.666666666666664
369,The Amazing Spider-Man,"Action,Adventure",2012,136,7.0,474320,262.03,66.0,5,28.5
370,Ben-Hur,"Action,Adventure,Drama",2016,123,5.7,28326,26.38,38.0,10,15.666666666666666
371,Sleight,"Action,Drama,Sci-Fi",2016,89,6.0,702,3.85,62.0,2,6.75
372,The Maze Runner,"Action,Mystery,Sci-Fi",2014,113,6.8,335531,102.41,57.0,3,12.25
373,Criminal,"Action,Crime,Drama",2016,113,6.3,38430,14.27,36.0,5,41.75
374,Wanted,"Action,Crime,Fantasy",2008,110,6.7,312495,134.57,64.0,10,52.0
375,Florence Foster Jenkins,"Biography,Comedy,Drama",2016,111,6.9,31776,27.37,71.0,30,32.25
376,Collide,"Action,Crime,Thriller",2016,99,5.7,7583,2.2,33.0,4,49.25
377,Black Mass,"Biography,Crime,Drama",2015,123,6.9,135706,62.56,68.0,4,39.75
378,Creed,"Drama,Sport",2015,133,7.6,175673,109.71,82.0,3,23.75
379,Swiss Army Man,"Adventure,Comedy,Drama",2016,97,7.1,61812,4.21,64.0,2,19.75
380,The Expendables 3,"Action,Adventure,Thriller",2014,126,6.1,137568,39.29,35.0,4,56.75
381,What We Do in the Shadows,"Comedy,Fantasy,Horror",2014,86,7.6,84016,3.33,76.0,2,6.333333333333333
382,Southpaw,"Drama,Sport",2015,124,7.4,169083,52.42,57.0,13,19.666666666666668
383,Hush,"Horror,Thriller",2016,81,6.6,45867,,67.0,6,6.666666666666667
384,Bridge of Spies,"Drama,History,Thriller",2015,142,7.6,217938,72.31,81.0,34,37.25
385,The Lego Movie,"Animation,Action,Adventure",2014,100,7.8,266508,257.76,83.0,5,41.75
386,Everest,"Action,Adventure,Drama",2015,121,7.1,154647,43.25,64.0,11,9.25
387,Pixels,"Action,Comedy,Family",2015,105,5.6,101092,78.75,27.0,16,23.0
388,Robin Hood,"Action,Adventure,Drama",2010,140,6.7,221117,105.22,53.0,25,30.333333333333332
389,The Wolverine,"Action,Adventure,Sci-Fi",2013,126,6.7,355362,132.55,60.0,11,16.25
390,John Carter,"Action,Adventure,Sci-Fi",2012,132,6.6,220667,73.06,51.0,6,11.333333333333334
391,Keanu,"Action,Comedy",2016,100,6.3,31913,20.57,63.0,3,11.0
392,The Gunman,"Action,Crime,Drama",2015,115,5.8,31194,10.64,39.0,5,33.75
393,Steve Jobs,"Biography,Drama",2015,122,7.2,116112,17.75,82.0,15,42.5
394,Whisky Galore,"Comedy,Romance",2016,98,5.0,102,,43.0,10,9.333333333333334
395,Grown Ups 2,Comedy,2013,101,5.4,114482,133.67,19.0,15,39.5
396,The Age of Adaline,"Drama,Fantasy,Romance",2015,112,7.2,112288,42.48,51.0,5,9.0
397,The Incredible Hulk,"Action,Adventure,Sci-Fi",2008,112,6.8,342355,134.52,61.0,8,47.0
398,Couples Retreat,Comedy,2009,113,5.5,86417,109.18,23.0,3,31.25
399,Absolutely Anything,"Comedy,Sci-Fi",2015,85,6.0,26587,,31.0,8,29.75
400,Magic Mike,"Comedy,Drama",2012,110,6.1,113686,113.71,72.0,31,16.333333333333332
401,Minions,"Animation,Action,Adventure",2015,91,6.4,159830,336.03,56.0,7,31.25
402,The Black Room,Horror,2016,91,3.9,240,,71.0,7,10.0
403,Bronson,"Action,Biography,Crime",2008,92,7.1,93972,0.1,,11,14.0
404,Despicable Me,"Animation,Adventure,Comedy",2010,95,7.7,410607,251.5,72.0,5,27.25
405,The Best of Me,"Drama,Romance",2014,118,6.7,49041,26.76,29.0,13,26.333333333333332
406,The Invitation,"Drama,Mystery,Thriller",2015,100,6.7,40529,0.23,74.0,6,12.75
407,Zero Dark Thirty,"Drama,History,Thriller",2012,157,7.4,226661,95.72,95.0,12,40.75
408,Tangled,"Animation,Adventure,Comedy",2010,100,7.8,316459,200.81,71.0,3,31.0
409,The Hunger Games: Mockingjay - Part 2,"Action,Adventure,Sci-Fi",2015,137,6.6,202380,281.67,65.0,7,34.25
410,Vacation,"Adventure,Comedy",2015,99,6.1,74589,58.88,34.0,2,20.25
411,Taken,"Action,Thriller",2008,93,7.8,502961,145.0,50.0,5,42.25
412,Pitch Perfect 2,"Comedy,Music",2015,115,6.5,108306,183.44,63.0,3,18.333333333333332
413,Monsters University,"Animation,Adventure,Comedy",2013,104,7.3,252119,268.49,65.0,3,79.25
414,Elle,"Crime,Drama,Thriller",2016,130,7.2,35417,,89.0,16,29.0
415,Mechanic: Resurrection,"Action,Adventure,Crime",2016,98,5.6,48161,21.2,38.0,7,26.666666666666668
416,Tusk,"Comedy,Drama,Horror",2014,102,5.4,34546,1.82,55.0,15,29.0
417,The Headhunter's Calling,Drama,2016,108,6.9,164,,85.0,2,43.75
418,Atonement,"Drama,Mystery,Romance",2007,123,7.8,202890,50.92,,7,23.666666666666668
419,Harry Potter and the Deathly Hallows: Part 1,"Adventure,Family,Fantasy",2010,146,7.7,357213,294.98,65.0,11,30.75
420,Shame,Drama,2011,101,7.2,155010,4.0,72.0,4,18.75
421,Hanna,"Action,Drama,Thriller",2011,111,6.8,164208,40.25,65.0,7,26.5
422,The Babysitters,Drama,2007,88,5.7,8914,0.04,35.0,2,5.5
423,Pride and Prejudice and Zombies,"Action,Horror,Romance",2016,108,5.8,35003,10.91,45.0,5,13.5
424,300: Rise of an Empire,"Action,Drama,Fantasy",2014,102,6.2,237887,106.37,48.0,3,20.75
425,London Has Fallen,"Action,Crime,Drama",2016,99,5.9,100702,62.4,28.0,4,24.666666666666668
426,The Curious Case of Benjamin Button,"Drama,Fantasy,Romance",2008,166,7.8,485075,127.49,70.0,11,49.25
427,Sin City: A Dame to Kill For,"Action,Crime,Thriller",2014,102,6.5,122185,13.75,46.0,4,45.75
428,The Bourne Ultimatum,"Action,Mystery,Thriller",2007,115,8.1,525700,227.14,85.0,10,38.25
429,Srpski film,"Horror,Mystery,Thriller",2010,104,5.2,43648,,55.0,1,1.0
430,The Purge: Election Year,"Action,Horror,Sci-Fi",2016,109,6.0,54216,79.0,,5,20.75
431,3 Idiots,"Comedy,Drama",2009,170,8.4,238789,6.52,67.0,5,13.25
432,Zoolander 2,Comedy,2016,102,4.7,48297,28.84,34.0,7,54.25
433,World War Z,"Action,Adventure,Horror",2013,116,7.0,494819,202.35,63.0,10,23.0
434,Mission: Impossible - Ghost Protocol,"Action,Adventure,Thriller",2011,132,7.4,382459,209.36,73.0,7,34.5
435,Let Me Make You a Martyr,"Action,Crime,Drama",2016,102,6.4,223,,56.0,2,15.0
436,Filth,"Comedy,Crime,Drama",2013,97,7.1,81301,0.03,,3,34.0
437,The Longest Ride,"Drama,Romance",2015,123,7.1,58421,37.43,33.0,1,24.5
438,The imposible,"Drama,Thriller",2012,114,7.6,156189,19.0,73.0,1,34.75
439,Kick-Ass 2,"Action,Comedy,Crime",2013,103,6.6,214825,28.75,41.0,5,21.333333333333332
440,Folk Hero & Funny Guy,Comedy,2016,88,5.6,220,,63.0,2,12.0
441,Oz the Great and Powerful,"Adventure,Family,Fantasy",2013,130,6.3,181521,234.9,44.0,16,48.25
442,Brooklyn,"Drama,Romance",2015,117,7.5,94977,38.32,87.0,6,11.333333333333334
443,Coraline,"Animation,Family,Fantasy",2009,100,7.7,156620,75.28,80.0,5,19.75
444,Blue Valentine,"Drama,Romance",2010,112,7.4,151409,9.7,81.0,4,20.666666666666668
445,The Thinning,Thriller,2016,81,6.0,4531,,31.0,3,7.666666666666667
446,Silent Hill,"Adventure,Horror,Mystery",2006,125,6.6,184152,46.98,,5,16.333333333333332
447,Dredd,"Action,Sci-Fi",2012,95,7.1,213764,13.4,59.0,6,22.75
448,Hunt for the Wilderpeople,"Adventure,Comedy,Drama",2016,101,7.9,52331,5.2,81.0,8,19.75
449,Big Hero 6,"Animation,Action,Adventure",2014,102,7.8,309186,222.49,74.0,4,9.0
450,Carrie,"Drama,Horror",2013,100,5.9,113272,35.27,53.0,4,29.0
451,Iron Man 2,"Action,Adventure,Sci-Fi",2010,124,7.0,556666,312.06,57.0,9,44.0
452,Demolition,"Comedy,Drama",2015,101,7.0,58720,1.82,49.0,7,30.0
453,Pandorum,"Action,Horror,Mystery",2009,108,6.8,126656,10.33,28.0,6,33.0
454,Olympus Has Fallen,"Action,Thriller",2013,119,6.5,214994,98.9,41.0,13,24.666666666666668
455,I Am Number Four,"Action,Adventure,Sci-Fi",2011,109,6.1,202682,55.09,36.0,10,19.25
456,Jagten,Drama,2012,115,8.3,192263,0.61,76.0,9,12.25
457,The Proposal,"Comedy,Drama,Romance",2009,108,6.7,241709,163.95,48.0,6,28.333333333333332
458,Get Hard,"Comedy,Crime",2015,100,6.0,95119,90.35,34.0,2,29.75
459,Just Go with It,"Comedy,Romance",2011,117,6.4,182069,103.03,33.0,15,28.666666666666668
460,Revolutionary Road,"Drama,Romance",2008,119,7.3,159736,22.88,69.0,8,18.75
461,The Town,"Crime,Drama,Thriller",2010,125,7.6,294553,92.17,74.0,5,33.25
462,The Boy,"Horror,Mystery,Thriller",2016,97,6.0,51235,35.79,42.0,5,13.0
463,Denial,"Biography,Drama",2016,109,6.6,8229,4.07,63.0,14,47.5
464,Predestination,"Drama,Mystery,Sci-Fi",2014,97,7.5,187760,,69.0,4,26.25
465,Goosebumps,"Adventure,Comedy,Family",2015,103,6.3,57602,80.02,60.0,5,20.5
466,Sherlock Holmes: A Game of Shadows,"Action,Adventure,Crime",2011,129,7.5,357436,186.83,48.0,11,47.0
467,Salt,"Action,Crime,Mystery",2010,100,6.4,255813,118.31,65.0,17,40.0
468,Enemy,"Mystery,Thriller",2013,91,6.9,111558,1.01,61.0,10,19.0
469,District 9,"Action,Sci-Fi,Thriller",2009,112,8.0,556794,115.65,81.0,10,7.0
470,The Other Guys,"Action,Comedy,Crime",2010,107,6.7,199900,119.22,64.0,8,34.25
471,American Gangster,"Biography,Crime,Drama",2007,157,7.8,337835,130.13,76.0,25,29.666666666666668
472,Marie Antoinette,"Biography,Drama,History",2006,123,6.4,83941,15.96,65.0,9,43.0
473,2012,"Action,Adventure,Sci-Fi",2009,158,5.8,297984,166.11,49.0,18,36.333333333333336
474,Harry Potter and the Half-Blood Prince,"Adventure,Family,Fantasy",2009,153,7.5,351059,301.96,78.0,11,33.25
475,Argo,"Biography,Drama,History",2012,120,7.7,481274,136.02,86.0,5,62.0
476,Eddie the Eagle,"Biography,Comedy,Drama",2016,106,7.4,56332,15.79,54.0,4,15.5
477,The Lives of Others,"Drama,Thriller",2006,137,8.5,278103,11.28,89.0,3,12.666666666666666
478,Pet,"Horror,Thriller",2016,94,5.7,8404,,48.0,4,6.0
479,Paint It Black,Drama,2016,96,8.3,61,,71.0,1,12.666666666666666
480,Macbeth,"Drama,War",2015,113,6.7,41642,,71.0,4,26.666666666666668
481,Forgetting Sarah Marshall,"Comedy,Drama,Romance",2008,111,7.2,226619,62.88,67.0,7,36.0
482,The Giver,"Drama,Romance,Sci-Fi",2014,97,6.5,93799,45.09,47.0,17,39.25
483,Triple 9,"Action,Crime,Drama",2016,115,6.3,48400,12.63,52.0,6,22.666666666666668
484,Perfetti sconosciuti,"Comedy,Drama",2016,97,7.7,17584,,43.0,8,9.0
485,Angry Birds,"Animation,Action,Adventure",2016,97,6.3,55781,107.51,,2,28.75
486,Moonrise Kingdom,"Adventure,Comedy,Drama",2012,94,7.8,254446,45.51,84.0,11,42.5
487,Hairspray,"Comedy,Drama,Family",2007,117,6.7,102954,118.82,81.0,9,35.0
488,Safe Haven,"Drama,Romance,Thriller",2013,115,6.7,84765,71.35,34.0,24,12.0
489,Focus,"Comedy,Crime,Drama",2015,105,6.6,166489,53.85,56.0,5,23.25
490,Ratatouille,"Animation,Comedy,Family",2007,111,8.0,504039,206.44,96.0,7,12.0
491,Stake Land,"Drama,Horror,Sci-Fi",2010,98,6.5,36091,0.02,66.0,5,10.75
492,The Book of Eli,"Action,Adventure,Drama",2010,118,6.9,241359,94.82,53.0,6,39.0
493,Cloverfield,"Action,Horror,Sci-Fi",2008,85,7.0,313803,80.03,64.0,6,18.5
494,Point Break,"Action,Crime,Sport",2015,114,5.3,44553,28.77,34.0,3,24.5
495,Under the Skin,"Drama,Horror,Sci-Fi",2013,108,6.3,94707,2.61,78.0,5,14.5
496,I Am Legend,"Drama,Horror,Sci-Fi",2007,101,7.2,565721,256.39,65.0,7,20.25
497,Men in Black 3,"Action,Adventure,Comedy",2012,106,6.8,278379,179.02,58.0,12,29.0
498,Super 8,"Mystery,Sci-Fi,Thriller",2011,112,7.1,298913,126.98,72.0,6,16.0
499,Law Abiding Citizen,"Crime,Drama,Thriller",2009,109,7.4,228339,73.34,34.0,10,36.75
500,Up,"Animation,Adventure,Comedy",2009,96,8.3,722203,292.98,88.0,5,33.5
501,Maze Runner: The Scorch Trials,"Action,Sci-Fi,Thriller",2015,131,6.3,159364,81.69,43.0,3,7.0
502,Carol,"Drama,Romance",2015,118,7.2,77995,0.25,95.0,11,28.0
503,Imperium,"Crime,Drama,Thriller",2016,109,6.5,27428,,68.0,2,24.75
504,Youth,"Comedy,Drama,Music",2015,124,7.3,52636,2.7,64.0,9,74.5
505,Mr. Nobody,"Drama,Fantasy,Romance",2009,141,7.9,166872,,63.0,6,21.25
506,City of Tiny Lights,"Crime,Drama,Thriller",2016,110,5.7,291,,54.0,6,8.0
507,Savages,"Crime,Drama,Thriller",2012,131,6.5,107960,47.31,59.0,26,11.0
508,(500) Days of Summer,"Comedy,Drama,Romance",2009,95,7.7,398972,32.39,76.0,5,30.0
509,Movie 43,"Comedy,Romance",2013,94,4.3,83625,8.83,18.0,3,39.0
510,Gravity,"Drama,Sci-Fi,Thriller",2013,91,7.8,622089,274.08,96.0,9,41.75
511,The Boy in the Striped Pyjamas,"Drama,War",2008,94,7.8,144614,9.03,55.0,7,20.75
512,Shooter,"Action,Crime,Drama",2007,124,7.2,267820,46.98,53.0,13,52.0
513,The Happening,"Sci-Fi,Thriller",2008,91,5.0,170897,64.51,34.0,13,41.25
514,Bone Tomahawk,"Adventure,Drama,Horror",2015,132,7.1,47289,66.01,72.0,2,44.5
515,Magic Mike XXL,"Comedy,Drama,Music",2015,115,5.7,42506,,60.0,8,17.0
516,Easy A,"Comedy,Drama,Romance",2010,92,7.1,294950,58.4,72.0,5,15.0
517,Exodus: Gods and Kings,"Action,Adventure,Drama",2014,150,6.0,137299,65.01,52.0,25,57.25
518,Chappie,"Action,Crime,Drama",2015,120,6.9,188769,31.57,41.0,10,8.0
519,The Hobbit: The Desolation of Smaug,"Adventure,Fantasy",2013,161,7.9,513744,258.36,66.0,15,26.0
520,Half of a Yellow Sun,"Drama,Romance",2013,111,6.2,1356,0.05,51.0,2,21.0
521,Anthropoid,"Biography,History,Thriller",2016,120,7.2,24100,2.96,59.0,5,13.5
522,The Counselor,"Crime,Drama,Thriller",2013,117,5.3,84927,16.97,48.0,25,26.666666666666668
523,Viking,"Action,Drama,History",2016,133,4.7,1830,23.05,57.0,4,2.5
524,Whiskey Tango Foxtrot,"Biography,Comedy,Drama",2016,112,6.6,36156,,,5,31.5
525,Trust,"Crime,Drama,Thriller",2010,106,7.0,36043,0.06,60.0,4,32.0
526,Birth of the Dragon,"Action,Biography,Drama",2016,103,3.9,552,93.05,61.0,2,13.0
527,Elysium,"Action,Drama,Sci-Fi",2013,109,6.6,358932,,,10,35.5
528,The Green Inferno,"Adventure,Horror",2013,100,5.4,26461,7.19,38.0,6,5.5
529,Godzilla,"Action,Adventure,Sci-Fi",2014,123,6.4,318058,200.66,62.0,4,21.5
530,The Bourne Legacy,"Action,Adventure,Mystery",2012,135,6.7,245374,113.17,61.0,4,39.25
531,A Good Year,"Comedy,Drama,Romance",2006,117,6.9,74674,7.46,47.0,25,35.25
532,Friend Request,"Horror,Thriller",2016,92,5.4,12758,64.03,59.0,4,6.75
533,Deja Vu,"Action,Sci-Fi,Thriller",2006,126,7.0,253858,,,18,41.0
534,Lucy,"Action,Sci-Fi,Thriller",2014,89,6.4,352698,126.55,61.0,17,46.333333333333336
535,A Quiet Passion,"Biography,Drama",2016,125,7.2,1024,1.08,77.0,9,27.25
536,Need for Speed,"Action,Crime,Drama",2014,132,6.5,143389,43.57,39.0,3,22.5
537,Jack Reacher,"Action,Crime,Mystery",2012,130,7.0,250811,58.68,50.0,4,49.25
538,The Do-Over,"Action,Adventure,Comedy",2016,108,5.7,24761,0.54,22.0,11,32.75
539,True Crimes,"Crime,Drama,Thriller",2016,92,7.3,198,,43.0,2,32.75
540,American Pastoral,"Crime,Drama",2016,108,6.1,7115,,,3,41.75
541,The Ghost Writer,"Mystery,Thriller",2010,128,7.2,137964,15.52,77.0,24,40.0
542,Limitless,"Mystery,Sci-Fi,Thriller",2011,105,7.4,444417,79.24,59.0,6,46.5
543,Spectral,"Action,Mystery,Sci-Fi",2016,107,6.3,27042,,39.0,2,19.0
544,P.S. I Love You,"Drama,Romance",2007,126,7.1,177247,53.68,,8,28.25
545,Zipper,"Drama,Thriller",2015,103,5.7,4912,,39.0,2,25.333333333333332
546,Midnight Special,"Drama,Mystery,Sci-Fi",2016,112,6.7,54787,3.71,76.0,6,41.0
547,Don't Think Twice,"Comedy,Drama",2016,92,6.8,10485,4.42,83.0,4,17.666666666666668
548,Alice in Wonderland,"Adventure,Family,Fantasy",2010,108,6.5,324898,334.19,53.0,22,30.666666666666668
549,Chuck,"Biography,Drama,Sport",2016,98,6.8,391,0.11,68.0,8,55.75
550,"I, Daniel Blake",Drama,2016,100,7.9,22941,,77.0,28,2.5
551,The Break-Up,"Comedy,Drama,Romance",2006,106,5.8,106381,118.68,45.0,7,35.75
552,Loving,"Biography,Drama,Romance",2016,123,7.1,17141,7.7,79.0,6,13.75
553,Fantastic Four,"Action,Adventure,Sci-Fi",2015,100,4.3,121847,56.11,27.0,3,19.0
554,The Survivalist,"Drama,Sci-Fi,Thriller",2015,104,6.3,9187,,80.0,2,7.25
555,Colonia,"Drama,Romance,Thriller",2015,106,7.1,30074,,33.0,3,20.666666666666668
556,The Boy Next Door,"Mystery,Thriller",2015,91,4.6,30180,35.39,30.0,12,23.25
557,The Gift,"Mystery,Thriller",2015,108,7.1,96688,43.77,77.0,2,27.75
558,Dracula Untold,"Action,Drama,Fantasy",2014,92,6.3,148504,55.94,40.0,3,20.5
559,In the Heart of the Sea,"Action,Adventure,Biography",2015,122,6.9,90372,24.99,47.0,27,18.333333333333332
560,Idiocracy,"Adventure,Comedy,Sci-Fi",2006,84,6.6,115355,0.44,66.0,5,35.0
561,The Expendables,"Action,Adventure,Thriller",2010,103,6.5,283282,102.98,45.0,9,56.5
562,Evil Dead,"Fantasy,Horror",2013,91,6.5,133113,54.24,57.0,3,14.5
563,Sinister,"Horror,Mystery",2012,110,6.8,171169,48.06,53.0,7,21.333333333333332
564,Wreck-It Ralph,"Animation,Adventure,Comedy",2012,101,7.8,290559,189.41,72.0,3,45.0
565,Snow White and the Huntsman,"Action,Adventure,Drama",2012,127,6.1,239772,155.11,57.0,3,29.75
566,Pan,"Adventure,Family,Fantasy",2015,111,5.8,47804,34.96,36.0,7,20.75
567,Transformers: Dark of the Moon,"Action,Adventure,Sci-Fi",2011,154,6.3,338369,352.36,42.0,14,18.75
568,Juno,"Comedy,Drama",2007,96,7.5,432461,143.49,81.0,7,32.5
569,A Hologram for the King,"Comedy,Drama",2016,98,6.1,26521,4.2,58.0,12,31.0
570,Money Monster,"Crime,Drama,Thriller",2016,98,6.5,68654,41.01,55.0,5,32.666666666666664
571,The Other Woman,"Comedy,Romance",2014,109,6.0,110825,83.91,39.0,8,26.5
572,Enchanted,"Animation,Comedy,Family",2007,107,7.1,150353,127.71,75.0,7,53.0
573,The Intern,"Comedy,Drama",2015,121,7.1,159582,75.27,51.0,7,45.666666666666664
574,Little Miss Sunshine,"Comedy,Drama",2006,101,7.8,374044,59.89,80.0,3,39.75
575,Bleed for This,"Biography,Drama,Sport",2016,117,6.8,11900,4.85,62.0,4,31.5
576,Clash of the Titans,"Action,Adventure,Fantasy",2010,106,5.8,238206,163.19,39.0,8,37.666666666666664
577,The Finest Hours,"Action,Drama,History",2016,117,6.8,44425,27.55,58.0,6,30.75
578,Tron,"Action,Adventure,Sci-Fi",2010,125,6.8,273959,172.05,49.0,3,35.5
579,The Hunger Games: Catching Fire,"Action,Adventure,Mystery",2013,146,7.6,525646,424.65,76.0,7,29.0
580,All Good Things,"Crime,Drama,Mystery",2010,101,6.3,44158,0.58,57.0,4,34.5
581,Kickboxer: Vengeance,Action,2016,90,4.9,6809,131.56,37.0,14,20.5
582,The Last Airbender,"Action,Adventure,Family",2010,103,4.2,125129,,20.0,13,4.0
583,Sex Tape,"Comedy,Romance",2014,94,5.1,89885,38.54,36.0,7,29.5
584,What to Expect When You're Expecting,"Comedy,Drama,Romance",2012,110,5.7,60059,41.1,41.0,7,29.5
585,Moneyball,"Biography,Drama,Sport",2011,133,7.6,297395,75.61,87.0,5,48.75
586,Ghost Rider,"Action,Fantasy,Thriller",2007,114,5.2,190673,115.8,35.0,6,42.75
587,Unbroken,"Biography,Drama,Sport",2014,137,7.2,114006,115.6,59.0,4,14.5
588,Immortals,"Action,Drama,Fantasy",2011,110,6.0,142900,83.5,46.0,6,53.25
589,Sunshine,"Adventure,Sci-Fi,Thriller",2007,107,7.3,199860,3.68,64.0,15,33.0
590,Brave,"Animation,Adventure,Comedy",2012,93,7.2,293941,237.28,69.0,3,28.0
591,Män som hatar kvinnor,"Drama,Mystery,Thriller",2009,152,7.8,182074,10.1,76.0,5,19.666666666666668
592,Adoration,"Drama,Romance",2013,112,6.2,25208,0.32,37.0,11,31.0
593,The Drop,"Crime,Drama,Mystery",2014,106,7.1,116118,10.72,69.0,3,18.0
594,She's the Man,"Comedy,Romance,Sport",2006,105,6.4,122864,2.34,45.0,9,9.333333333333334
595,Daddy's Home,"Comedy,Family",2015,96,6.1,68306,150.32,42.0,5,38.0
596,Let Me In,"Drama,Horror,Mystery",2010,116,7.2,97141,12.13,79.0,6,36.0
597,Never Back Down,"Action,Drama,Sport",2008,110,6.6,84083,24.85,39.0,5,23.5
598,Grimsby,"Action,Adventure,Comedy",2016,83,6.2,63408,6.86,44.0,8,28.666666666666668
599,Moon,"Drama,Mystery,Sci-Fi",2009,97,7.9,277123,5.01,67.0,4,38.666666666666664
600,Megamind,"Animation,Action,Comedy",2010,95,7.3,183926,148.34,63.0,6,42.75
601,Gangster Squad,"Action,Crime,Drama",2013,113,6.7,181432,46.0,40.0,4,39.25
602,Blood Father,"Action,Crime,Drama",2016,88,6.4,40357,93.95,66.0,7,27.25
603,He's Just Not That Into You,"Comedy,Drama,Romance",2009,129,6.4,137684,,47.0,12,25.333333333333332
604,Kung Fu Panda 3,"Animation,Action,Adventure",2016,95,7.2,89791,143.52,66.0,2,48.75
605,The Rise of the Krays,"Crime,Drama",2015,110,5.1,1630,6.53,90.0,5,1.5
606,Handsome Devil,Drama,2016,95,7.4,338,,,3,6.75
607,Winter's Bone,Drama,2010,100,7.2,116435,,,4,21.666666666666668
608,Horrible Bosses,"Comedy,Crime",2011,98,6.9,368556,117.53,57.0,7,22.25
609,Mommy,Drama,2014,139,8.1,33560,3.49,74.0,7,4.0
610,Hellboy II: The Golden Army,"Action,Adventure,Fantasy",2008,120,7.0,216932,75.75,78.0,10,41.5
611,Beautiful Creatures,"Drama,Fantasy,Romance",2013,124,6.2,71822,19.45,52.0,8,16.666666666666668
612,Toni Erdmann,"Comedy,Drama",2016,162,7.6,24387,1.48,93.0,4,4.333333333333333
613,The Lovely Bones,"Drama,Fantasy,Thriller",2009,135,6.7,130702,43.98,42.0,15,50.75
614,The Assassination of Jesse James by the Coward Robert Ford,"Biography,Crime,Drama",2007,160,7.5,143564,3.9,68.0,5,47.0
615,Don Jon,"Comedy,Drama,Romance",2013,90,6.6,199973,24.48,66.0,2,18.0
616,Bastille Day,"Action,Crime,Drama",2016,92,6.3,21089,0.04,48.0,4,20.0
617,2307: Winter's Dream,Sci-Fi,2016,101,4.0,277,20.76,53.0,1,2.5
618,Free State of Jones,"Action,Biography,Drama",2016,139,6.9,29895,,,5,24.0
619,Mr. Right,"Action,Comedy,Romance",2015,95,6.3,30053,0.03,52.0,5,44.75
620,The Secret Life of Walter Mitty,"Adventure,Comedy,Drama",2013,114,7.3,249877,58.23,54.0,7,37.75
621,Dope,"Comedy,Crime,Drama",2015,103,7.3,66400,17.47,72.0,6,4.333333333333333
622,Underworld Awakening,"Action,Fantasy,Horror",2012,88,6.4,127157,62.32,39.0,5,29.25
623,Antichrist,"Drama,Horror",2009,108,6.6,94069,0.4,49.0,22,42.666666666666664
624,Friday the 13th,Horror,2009,97,5.6,78631,65.0,34.0,7,5.666666666666667
625,Taken 3,"Action,Thriller",2014,109,6.0,144715,89.25,26.0,7,54.0
626,Total Recall,"Action,Adventure,Mystery",2012,118,6.3,210965,58.88,43.0,5,25.333333333333332
627,X-Men: The Last Stand,"Action,Adventure,Fantasy",2006,104,6.7,406540,234.36,58.0,13,45.25
628,The Escort,"Comedy,Drama,Romance",2016,88,6.0,7181,,46.0,2,5.0
629,The Whole Truth,"Crime,Drama,Mystery",2016,93,6.1,10700,,,3,30.5
630,Night at the Museum: Secret of the Tomb,"Adventure,Comedy,Family",2014,98,6.2,74886,113.73,47.0,13,54.75
631,Love & Other Drugs,"Comedy,Drama,Romance",2010,112,6.7,151519,32.36,55.0,14,43.75
632,The Interview,Comedy,2014,112,6.6,261536,6.11,52.0,3,42.5
633,The Host,"Comedy,Drama,Horror",2006,120,7.0,73491,2.2,85.0,1,1.0
634,Megan Is Missing,"Drama,Horror,Thriller",2011,85,4.9,6683,,94.0,2,2.25
635,WALL·E,"Animation,Adventure,Family",2008,98,8.4,776897,223.81,,6,22.75
636,Knocked Up,"Comedy,Romance",2007,129,7.0,309398,148.73,85.0,6,39.75
637,Source Code,"Mystery,Romance,Sci-Fi",2011,93,7.5,404884,54.7,74.0,4,22.0
638,Lawless,"Crime,Drama",2012,116,7.3,195360,37.4,58.0,6,31.75
639,Unfriended,"Drama,Horror,Mystery",2014,83,5.6,50402,31.54,59.0,5,4.0
640,American Reunion,Comedy,2012,113,6.7,178471,56.72,49.0,3,13.333333333333334
641,The Pursuit of Happyness,"Biography,Drama",2006,117,8.0,361105,162.59,64.0,9,20.5
642,Relatos salvajes,"Comedy,Drama,Thriller",2014,122,8.1,110100,3.08,77.0,1,5.25
643,The Ridiculous 6,"Comedy,Western",2015,119,4.8,31149,,18.0,9,26.75
644,Frantz,"Drama,History,War",2016,113,7.5,4304,0.86,73.0,20,8.25
645,Viral,"Drama,Horror,Sci-Fi",2016,85,5.5,3564,,72.0,6,10.0
646,Gran Torino,Drama,2008,116,8.2,595779,148.09,,36,22.333333333333332
647,Burnt,"Comedy,Drama",2015,101,6.6,76469,13.65,42.0,4,31.5
648,Tall Men,"Fantasy,Horror,Thriller",2016,133,3.2,173,,57.0,1,1.0
649,Sleeping Beauty,"Drama,Romance",2011,101,5.3,27006,0.03,,2,9.5
650,Vampire Academy,"Action,Comedy,Fantasy",2014,104,5.6,44111,7.79,30.0,11,22.25
651,Sweeney Todd: The Demon Barber of Fleet Street,"Drama,Horror,Musical",2007,116,7.4,296289,52.88,83.0,22,43.0
652,Solace,"Crime,Drama,Mystery",2015,101,6.4,36300,,36.0,3,40.75
653,Insidious,"Horror,Mystery,Thriller",2010,103,6.8,219916,53.99,52.0,10,38.25
654,Popstar: Never Stop Never Stopping,"Comedy,Music",2016,87,6.7,30875,9.39,68.0,5,25.666666666666668
655,The Levelling,Drama,2016,83,6.4,482,,82.0,2,5.0
656,Public Enemies,"Biography,Crime,Drama",2009,140,7.0,240323,97.03,70.0,13,36.25
657,Boyhood,Drama,2014,165,7.9,286722,25.36,100.0,19,13.0
658,Teenage Mutant Ninja Turtles,"Action,Adventure,Comedy",2014,101,5.9,178527,190.87,31.0,8,28.0
659,Eastern Promises,"Crime,Drama,Mystery",2007,100,7.7,198006,17.11,82.0,22,39.0
660,The Daughter,Drama,2015,96,6.7,2798,0.03,62.0,2,31.5
661,Pineapple Express,"Action,Comedy,Crime",2008,111,7.0,267872,87.34,64.0,12,50.5
662,The First Time,"Comedy,Drama,Romance",2012,95,6.9,54027,0.02,55.0,3,12.25
663,Gone Baby Gone,"Crime,Drama,Mystery",2007,114,7.7,206707,20.3,72.0,5,57.0
664,The Heat,"Action,Comedy,Crime",2013,117,6.6,140151,159.58,60.0,7,17.666666666666668
665,L'avenir,Drama,2016,102,7.1,5796,0.28,88.0,6,27.333333333333332
666,Anna Karenina,"Drama,Romance",2012,129,6.6,75291,12.8,63.0,7,27.666666666666668
667,Regression,"Crime,Drama,Mystery",2015,106,5.7,26320,0.05,32.0,7,37.333333333333336
668,Ted 2,"Adventure,Comedy,Romance",2015,115,6.3,136323,81.26,48.0,4,24.5
669,Pain & Gain,"Comedy,Crime,Drama",2013,129,6.5,168875,49.87,45.0,14,27.0
670,Blood Diamond,"Adventure,Drama,Thriller",2006,143,8.0,422014,57.37,64.0,14,26.0
671,Devil's Knot,"Biography,Crime,Drama",2013,114,6.1,15514,,42.0,17,31.333333333333332
672,Child 44,"Crime,Drama,Thriller",2015,137,6.5,47703,1.21,41.0,5,35.0
673,The Hurt Locker,"Drama,History,Thriller",2008,131,7.6,352023,15.7,94.0,12,25.0
674,Green Lantern,"Action,Adventure,Sci-Fi",2011,114,5.6,231907,116.59,39.0,13,20.0
675,War on Everyone,"Action,Comedy",2016,98,5.9,9285,,50.0,4,22.5
676,The Mist,Horror,2007,126,7.2,233346,25.59,58.0,6,32.0
677,Escape Plan,"Action,Crime,Mystery",2013,115,6.7,188004,25.12,49.0,8,51.25
678,"Love, Rosie","Comedy,Romance",2014,102,7.2,80415,0.01,44.0,3,11.75
679,The DUFF,Comedy,2015,101,6.5,57874,34.02,56.0,4,28.75
680,The Age of Shadows,"Action,Drama,Thriller",2016,140,7.2,2403,0.54,78.0,1,1.0
681,The Hunger Games: Mockingjay - Part 1,"Action,Adventure,Sci-Fi",2014,123,6.7,331902,337.1,64.0,7,34.25
682,We Need to Talk About Kevin,"Drama,Mystery,Thriller",2011,112,7.5,104953,1.74,68.0,4,34.0
683,Love & Friendship,"Comedy,Drama,Romance",2016,90,6.5,16164,14.01,87.0,6,26.0
684,The Mortal Instruments: City of Bones,"Action,Fantasy,Horror",2013,130,5.9,112313,31.17,33.0,7,8.333333333333334
685,Seven Pounds,"Drama,Romance",2008,123,7.7,245144,69.95,36.0,9,29.666666666666668
686,The King's Speech,"Biography,Drama",2010,118,8.0,534388,138.8,88.0,11,32.333333333333336
687,Hunger,"Biography,Drama",2008,96,7.6,54486,0.15,82.0,4,5.5
688,Jumper,"Action,Adventure,Sci-Fi",2008,88,6.1,252503,80.17,35.0,10,48.333333333333336
689,Toy Story 3,"Animation,Adventure,Comedy",2010,103,8.3,586669,414.98,92.0,5,58.0
690,Tinker Tailor Soldier Spy,"Drama,Mystery,Thriller",2011,122,7.1,157053,24.1,85.0,7,54.0
691,Resident Evil: Retribution,"Action,Horror,Sci-Fi",2012,96,5.4,114144,42.35,39.0,13,21.75
692,Dear Zindagi,"Drama,Romance",2016,151,7.8,23540,1.4,56.0,3,18.5
693,Genius,"Biography,Drama",2016,104,6.5,10708,1.36,,2,50.75
694,Pompeii,"Action,Adventure,Drama",2014,105,5.5,90188,23.22,39.0,13,27.75
695,Life of Pi,"Adventure,Drama,Fantasy",2012,127,7.9,471109,124.98,79.0,15,19.0
696,Hachi: A Dog's Tale,"Drama,Family",2009,93,8.1,177602,,61.0,24,28.333333333333332
697,10 Years,"Comedy,Drama,Romance",2011,100,6.1,19636,0.2,,2,30.25
698,I Origins,"Drama,Romance,Sci-Fi",2014,106,7.3,86271,0.33,57.0,4,11.5
699,Live Free or Die Hard,"Action,Adventure,Thriller",2007,128,7.2,347567,134.52,69.0,5,49.0
700,The Matchbreaker,"Comedy,Romance",2016,94,5.5,1427,,44.0,2,3.75
701,Funny Games,"Crime,Drama,Horror",2007,111,6.5,73835,1.29,,14,40.25
702,Ted,"Comedy,Fantasy",2012,106,7.0,494641,218.63,62.0,4,27.0
703,RED,"Action,Comedy,Crime",2010,111,7.1,250012,90.36,60.0,8,56.333333333333336
704,Australia,"Adventure,Drama,Romance",2008,165,6.6,106115,49.55,53.0,6,27.5
705,Faster,"Action,Crime,Drama",2010,98,6.5,83788,23.23,44.0,1,28.25
706,The Neighbor,"Crime,Horror,Thriller",2016,87,5.8,4754,,60.0,4,10.5
707,The Adjustment Bureau,"Romance,Sci-Fi,Thriller",2011,106,7.1,208632,62.45,,2,25.25
708,The Hollars,"Comedy,Drama,Romance",2016,88,6.5,5908,1.02,53.0,3,33.75
709,The Judge,"Crime,Drama",2014,141,7.4,146812,47.11,48.0,7,62.5
710,Closed Circuit,"Crime,Drama,Mystery",2013,96,6.2,18437,5.73,50.0,6,46.75
711,Transformers: Revenge of the Fallen,"Action,Adventure,Sci-Fi",2009,150,6.0,335757,402.08,35.0,14,21.75
712,La tortue rouge,"Animation,Fantasy",2016,80,7.6,11482,0.92,86.0,4,2.0
713,The Book of Life,"Animation,Adventure,Comedy",2014,95,7.3,50388,50.15,67.0,1,42.5
714,Incendies,"Drama,Mystery,War",2010,131,8.2,92863,6.86,80.0,10,6.0
715,The Heartbreak Kid,"Comedy,Romance",2007,116,5.8,74664,36.77,46.0,13,32.666666666666664
716,Happy Feet,"Animation,Comedy,Family",2006,108,6.5,141141,197.99,77.0,11,53.5
717,Entourage,Comedy,2015,104,6.6,64557,32.36,38.0,4,15.75
718,The Strangers,"Horror,Mystery,Thriller",2008,86,6.2,96718,52.53,47.0,4,15.25
719,Noah,"Action,Adventure,Drama",2014,138,5.8,209700,101.16,68.0,7,42.25
720,Neighbors,Comedy,2014,97,6.4,236500,150.06,68.0,7,34.0
721,Nymphomaniac: Vol. II,Drama,2013,123,6.7,65824,0.33,60.0,22,58.75
722,Wild,"Adventure,Biography,Drama",2014,115,7.1,95553,37.88,76.0,7,28.666666666666668
723,Grown Ups,Comedy,2010,102,6.0,190385,162.0,30.0,15,43.75
724,Blair Witch,"Horror,Thriller",2016,89,5.1,26088,20.75,47.0,10,4.25
725,The Karate Kid,"Action,Drama,Family",2010,140,6.2,127983,176.59,61.0,7,36.0
726,Dark Shadows,"Comedy,Fantasy,Horror",2012,113,6.2,209326,79.71,55.0,22,47.25
727,Friends with Benefits,"Comedy,Romance",2011,109,6.6,286543,55.8,63.0,5,32.0
728,The Illusionist,"Drama,Mystery,Romance",2006,110,7.6,309934,39.83,68.0,6,42.5
729,The A-Team,"Action,Adventure,Comedy",2010,117,6.8,219116,77.21,47.0,9,40.333333333333336
730,The Guest,Thriller,2014,100,6.7,71069,0.32,76.0,10,18.75
731,The Internship,Comedy,2013,119,6.3,166342,44.67,42.0,13,39.25
732,Paul,"Adventure,Comedy,Sci-Fi",2011,104,7.0,201707,37.37,57.0,7,28.0
733,This Beautiful Fantastic,"Comedy,Drama,Fantasy",2016,100,6.9,688,,51.0,4,8.666666666666666
734,The Da Vinci Code,"Mystery,Thriller",2006,149,6.6,338280,217.54,46.0,27,48.75
735,Mr. Church,"Comedy,Drama",2016,104,7.7,16163,0.69,37.0,28,27.0
736,Hugo,"Adventure,Drama,Family",2011,126,7.5,259182,73.82,83.0,43,68.75
737,The Blackcoat's Daughter,"Horror,Thriller",2015,93,5.6,4155,0.02,68.0,3,21.25
738,Body of Lies,"Action,Drama,Romance",2008,128,7.1,182305,39.38,57.0,25,24.333333333333332
739,Knight of Cups,"Drama,Romance",2015,118,5.7,17439,0.56,53.0,10,31.666666666666668
740,The Mummy: Tomb of the Dragon Emperor,"Action,Adventure,Fantasy",2008,112,5.2,124554,102.18,31.0,12,39.5
741,The Boss,Comedy,2016,99,5.4,29642,63.03,40.0,3,26.0
742,Hands of Stone,"Action,Biography,Drama",2016,111,6.6,8998,4.71,54.0,3,39.0
743,El secreto de sus ojos,"Drama,Mystery,Romance",2009,129,8.2,144524,20.17,80.0,7,11.666666666666666
744,True Grit,"Adventure,Drama,Western",2010,110,7.6,254904,171.03,80.0,11,47.333333333333336
745,We Are Your Friends,"Drama,Music,Romance",2015,96,6.2,25903,3.59,46.0,2,18.5
746,A Million Ways to Die in the West,"Comedy,Romance,Western",2014,116,6.1,144779,42.62,44.0,4,20.333333333333332
747,Only for One Night,Thriller,2016,86,4.6,313,,60.0,4,2.0
748,Rules Don't Apply,"Comedy,Drama,Romance",2016,127,5.7,3731,3.65,,6,11.5
749,Ouija: Origin of Evil,"Horror,Thriller",2016,99,6.1,30035,34.9,65.0,6,8.666666666666666
750,Percy Jackson: Sea of Monsters,"Adventure,Family,Fantasy",2013,106,5.9,91684,68.56,39.0,4,18.75
751,Fracture,"Crime,Drama,Mystery",2007,113,7.2,148943,39.0,68.0,8,33.333333333333336
752,Oculus,"Horror,Mystery",2013,104,6.5,92875,27.69,61.0,6,8.333333333333334
753,In Bruges,"Comedy,Crime,Drama",2008,107,7.9,322536,7.76,67.0,4,34.333333333333336
754,This Means War,"Action,Comedy,Romance",2012,103,6.3,154400,54.76,31.0,7,36.75
755,Lída Baarová,"Biography,Drama,History",2016,106,5.0,353,,64.0,1,6.0
756,The Road,"Adventure,Drama",2009,111,7.3,187302,0.06,,6,29.333333333333332
757,Lavender,"Drama,Thriller",2016,92,5.2,2083,,46.0,4,26.666666666666668
758,Deuces,Drama,2016,87,6.6,256,,36.0,2,15.0
759,Conan the Barbarian,"Action,Adventure,Fantasy",2011,113,5.2,84893,21.27,,7,26.666666666666668
760,The Fighter,"Action,Biography,Drama",2010,116,7.8,290056,93.57,79.0,10,30.0
761,August Rush,"Drama,Music",2007,114,7.5,91229,31.66,38.0,3,31.5
762,Chef,"Comedy,Drama",2014,114,7.3,151970,31.24,68.0,9,36.666666666666664
763,Eye in the Sky,"Drama,Thriller,War",2015,102,7.3,57826,18.7,73.0,6,37.5
764,Eagle Eye,"Action,Mystery,Thriller",2008,118,6.6,156158,101.11,43.0,10,20.666666666666668
765,The Purge,"Horror,Sci-Fi,Thriller",2013,85,5.7,154588,64.42,41.0,5,32.666666666666664
766,PK,"Comedy,Drama,Romance",2014,153,8.2,103279,10.57,51.0,5,15.0
767,Ender's Game,"Action,Sci-Fi",2013,114,6.7,194236,61.66,,6,29.25
768,Indiana Jones and the Kingdom of the Crystal Skull,"Action,Adventure,Fantasy",2008,122,6.2,351361,317.01,65.0,34,37.333333333333336
769,Paper Towns,"Drama,Mystery,Romance",2015,109,6.3,72515,31.99,56.0,3,7.75
770,High-Rise,Drama,2015,119,5.7,25928,0.34,65.0,8,30.0
771,Quantum of Solace,"Action,Adventure,Thriller",2008,106,6.6,347798,168.37,58.0,10,38.75
772,The Assignment,"Action,Crime,Thriller",2016,95,4.5,2043,,34.0,22,32.333333333333336
773,How to Train Your Dragon,"Animation,Action,Adventure",2010,98,8.1,523893,217.39,74.0,5,18.333333333333332
774,Lady in the Water,"Drama,Fantasy,Mystery",2006,110,5.6,82701,42.27,36.0,13,45.25
775,The Fountain,"Drama,Sci-Fi",2006,96,7.3,199193,10.14,51.0,7,38.75
776,Cars 2,"Animation,Adventure,Comedy",2011,106,6.2,110490,191.45,57.0,11,29.666666666666668
777,31,"Horror,Thriller",2016,102,5.1,10871,0.78,35.0,9,37.0
778,Final Girl,"Action,Thriller",2015,90,4.7,9026,,56.0,2,20.666666666666668
779,Chalk It Up,Comedy,2016,90,4.8,499,,,2,6.0
780,The Man Who Knew Infinity,"Biography,Drama",2015,108,7.2,29912,3.86,,2,18.25
781,Unknown,"Action,Mystery,Thriller",2011,113,6.9,218679,61.09,56.0,8,39.0
782,Self/less,"Action,Mystery,Sci-Fi",2015,117,6.5,67196,12.28,34.0,6,17.333333333333332
783,Mr. Brooks,"Crime,Drama,Thriller",2007,120,7.3,128146,28.48,45.0,3,47.75
784,Tramps,"Comedy,Romance",2016,82,6.5,1031,,77.0,3,7.5
785,Before We Go,"Comedy,Drama,Romance",2014,95,6.9,31370,0.04,31.0,2,18.75
786,Captain Phillips,"Biography,Drama,Thriller",2013,134,7.8,346154,107.1,83.0,10,26.666666666666668
787,The Secret Scripture,Drama,2016,108,6.8,378,,37.0,10,17.0
788,Max Steel,"Action,Adventure,Family",2016,92,4.6,11555,3.77,22.0,5,13.75
789,Hotel Transylvania 2,"Animation,Comedy,Family",2015,89,6.7,69157,169.69,44.0,5,29.75
790,Hancock,"Action,Crime,Drama",2008,92,6.4,366138,227.95,49.0,11,29.75
791,Sisters,Comedy,2015,118,6.0,50241,87.03,58.0,3,25.75
792,The Family,"Comedy,Crime,Thriller",2013,111,6.3,92868,36.92,42.0,17,42.5
793,Zack and Miri Make a Porno,"Comedy,Romance",2008,101,6.6,154936,31.45,56.0,15,31.0
794,Ma vie de Courgette,"Animation,Comedy,Drama",2016,66,7.8,4370,0.29,85.0,2,1.6666666666666667
795,Man on a Ledge,"Action,Crime,Thriller",2012,102,6.6,129252,18.6,40.0,3,25.5
796,No Strings Attached,"Comedy,Romance",2011,108,6.2,178243,70.63,50.0,17,43.0
797,Rescue Dawn,"Adventure,Biography,Drama",2006,120,7.3,87887,5.48,77.0,56,35.25
798,Despicable Me 2,"Animation,Adventure,Comedy",2013,98,7.4,304837,368.05,62.0,5,31.5
799,A Walk Among the Tombstones,"Crime,Drama,Mystery",2014,114,6.5,93883,25.98,57.0,4,35.25
800,The World's End,"Action,Comedy,Sci-Fi",2013,109,7.0,199813,26.0,81.0,7,30.0
801,Yoga Hosers,"Comedy,Fantasy,Horror",2016,88,4.3,7091,,23.0,15,5.333333333333333
802,Seven Psychopaths,"Comedy,Crime",2012,110,7.2,196652,14.99,66.0,4,40.333333333333336
803,Beowulf,"Animation,Action,Adventure",2007,115,6.2,146566,82.16,59.0,20,32.0
804,Jack Ryan: Shadow Recruit,"Action,Drama,Thriller",2014,105,6.2,103681,50.55,57.0,15,27.0
805,1408,"Fantasy,Horror",2007,104,6.8,221073,71.98,64.0,8,58.0
806,The Gambler,"Crime,Drama,Thriller",2014,111,6.0,52537,33.63,55.0,4,52.0
807,Prince of Persia: The Sands of Time,"Action,Adventure,Fantasy",2010,116,6.6,233148,90.76,50.0,17,20.0
808,The Spectacular Now,"Comedy,Drama,Romance",2013,95,7.1,115751,6.85,82.0,6,9.666666666666666
809,A United Kingdom,"Biography,Drama,Romance",2016,111,6.8,4771,3.9,65.0,4,24.0
810,USS Indianapolis: Men of Courage,"Action,Drama,History",2016,128,5.2,4964,,30.0,12,49.333333333333336
811,Turbo Kid,"Action,Adventure,Comedy",2015,93,6.7,19309,0.05,60.0,2,22.75
812,Mama,"Horror,Thriller",2013,100,6.2,142560,71.59,57.0,1,17.5
813,Orphan,"Horror,Mystery,Thriller",2009,123,7.0,153448,41.57,42.0,8,28.25
814,To Rome with Love,"Comedy,Romance",2012,112,6.3,72050,16.68,54.0,50,41.0
815,Fantastic Mr. Fox,"Animation,Adventure,Comedy",2009,87,7.8,149779,21.0,83.0,11,52.5
816,Inside Man,"Crime,Drama,Mystery",2006,129,7.6,285441,88.5,76.0,37,31.0
817,I.T.,"Crime,Drama,Mystery",2016,95,5.4,8755,,27.0,7,16.75
818,127 Hours,"Adventure,Biography,Drama",2010,94,7.6,294010,18.33,82.0,15,33.0
819,Annabelle,"Horror,Mystery,Thriller",2014,99,5.4,91106,84.26,37.0,5,6.0
820,Wolves at the Door,"Horror,Thriller",2016,73,4.6,564,,63.0,5,6.5
821,Suite Française,"Drama,Romance,War",2014,107,6.9,13711,,,3,29.333333333333332
822,The Imaginarium of Doctor Parnassus,"Adventure,Fantasy,Mystery",2009,123,6.8,130153,7.69,65.0,15,31.666666666666668
823,G.I. Joe: The Rise of Cobra,"Action,Adventure,Sci-Fi",2009,118,5.8,180105,150.17,32.0,10,34.0
824,Christine,"Biography,Drama",2016,119,7.0,5855,0.3,72.0,4,14.25
825,Man Down,"Drama,Thriller",2015,90,5.8,4779,,27.0,7,31.25
826,Crawlspace,"Horror,Thriller",2016,88,5.3,1427,,25.0,3,8.666666666666666
827,Shut In,"Drama,Horror,Thriller",2016,91,4.6,5715,6.88,,3,20.666666666666668
828,The Warriors Gate,"Action,Adventure,Fantasy",2016,108,5.3,1391,,77.0,3,11.75
829,Grindhouse,"Action,Horror,Thriller",2007,191,7.6,160350,25.03,,19,49.5
830,Disaster Movie,Comedy,2008,87,1.9,77207,14.17,15.0,9,14.0
831,Rocky Balboa,"Drama,Sport",2006,102,7.2,171356,70.27,63.0,9,35.75
832,Diary of a Wimpy Kid: Dog Days,"Comedy,Family",2012,94,6.4,16917,49.0,54.0,6,9.0
833,Jane Eyre,"Drama,Romance",2011,120,7.4,67464,11.23,76.0,1,19.0
834,Fool's Gold,"Action,Adventure,Comedy",2008,112,5.7,62719,70.22,29.0,11,49.5
835,The Dictator,Comedy,2012,83,6.4,225394,59.62,58.0,7,48.0
836,The Loft,"Mystery,Romance,Thriller",2014,108,6.3,38804,5.98,24.0,7,21.25
837,Bacalaureat,"Crime,Drama",2016,128,7.5,5531,0.13,84.0,6,2.0
838,You Don't Mess with the Zohan,"Action,Comedy",2008,113,5.5,163144,100.02,54.0,15,43.666666666666664
839,Exposed,"Crime,Drama,Mystery",2016,102,4.2,8409,,23.0,2,46.25
840,Maudie,"Biography,Drama,Romance",2016,115,7.8,346,,60.0,6,27.25
841,Horrible Bosses 2,"Comedy,Crime",2014,108,6.3,125190,54.41,40.0,5,30.25
842,A Bigger Splash,"Drama,Thriller",2015,125,6.4,15232,1.98,74.0,5,37.0
843,Melancholia,Drama,2011,135,7.1,137117,3.03,80.0,22,41.5
844,The Princess and the Frog,"Animation,Adventure,Comedy",2009,97,7.1,95480,104.37,73.0,8,31.0
845,Unstoppable,"Action,Thriller",2010,98,6.8,157499,81.56,69.0,18,41.0
846,Flight,"Drama,Thriller",2012,138,7.3,276347,93.75,76.0,20,51.0
847,Home,"Animation,Adventure,Comedy",2015,94,6.7,77447,177.34,55.0,6,28.0
848,La migliore offerta,"Crime,Drama,Mystery",2013,131,7.8,77986,0.09,49.0,11,20.333333333333332
849,Mean Dreams,Thriller,2016,108,6.3,1066,,64.0,3,21.5
850,42,"Biography,Drama,Sport",2013,128,7.5,69659,95.0,62.0,7,4.333333333333333
851,21,"Crime,Drama,Thriller",2008,123,6.8,198395,81.16,48.0,8,29.25
852,Begin Again,"Drama,Music",2013,104,7.4,111875,16.17,62.0,5,27.0
853,Out of the Furnace,"Crime,Drama,Thriller",2013,116,6.8,88829,11.33,63.0,4,47.0
854,Vicky Cristina Barcelona,"Drama,Romance",2008,96,7.1,208770,23.21,70.0,50,25.666666666666668
855,Kung Fu Panda,"Animation,Action,Adventure",2008,92,7.6,329788,215.4,73.0,4,41.0
856,Barbershop: The Next Cut,"Comedy,Drama",2016,111,5.9,9993,54.01,67.0,10,27.0
857,Terminator Salvation,"Action,Adventure,Drama",2009,115,6.6,297093,125.32,49.0,7,29.75
858,Freedom Writers,"Biography,Crime,Drama",2007,123,7.5,55648,36.58,64.0,8,37.5
859,The Hills Have Eyes,Horror,2006,107,6.4,136642,41.78,52.0,7,23.0
860,Changeling,"Biography,Drama,Mystery",2008,141,7.8,206793,35.71,63.0,36,29.0
861,Remember Me,"Drama,Romance",2010,113,7.2,119376,19.06,40.0,3,12.666666666666666
862,Koe no katachi,"Animation,Drama,Romance",2016,129,8.4,2421,,80.0,2,5.75
863,"Alexander and the Terrible, Horrible, No Good, Very Bad Day","Comedy,Family",2014,81,6.2,32310,66.95,54.0,8,20.25
864,Locke,Drama,2013,85,7.1,100890,1.36,81.0,3,20.0
865,The 9th Life of Louis Drax,"Mystery,Thriller",2016,108,6.3,6175,,41.0,7,3.6666666666666665
866,Horns,"Drama,Fantasy,Horror",2013,120,6.5,61060,0.16,46.0,7,23.75
867,Indignation,"Drama,Romance",2016,110,6.9,7402,3.4,78.0,2,12.75
868,The Stanford Prison Experiment,"Biography,Drama,History",2015,122,6.9,20907,0.64,67.0,4,22.5
869,Diary of a Wimpy Kid: Rodrick Rules,"Comedy,Family",2011,99,6.6,20194,52.69,51.0,6,12.0
870,Mission: Impossible III,"Action,Adventure,Thriller",2006,126,6.9,270429,133.38,66.0,6,50.5
871,En man som heter Ove,"Comedy,Drama",2015,116,7.7,21569,3.36,70.0,7,7.0
872,Dragonball Evolution,"Action,Adventure,Fantasy",2009,85,2.7,59512,9.35,45.0,5,11.0
873,Red Dawn,"Action,Thriller",2012,93,5.4,64584,44.8,31.0,2,21.75
874,One Day,"Drama,Romance",2011,107,7.0,113599,13.77,48.0,9,16.333333333333332
875,Life as We Know It,"Comedy,Drama,Romance",2010,114,6.6,101301,53.36,39.0,3,26.0
876,28 Weeks Later,"Drama,Horror,Sci-Fi",2007,100,7.0,221858,28.64,78.0,4,32.5
877,Warm Bodies,"Comedy,Horror,Romance",2013,98,6.9,193579,66.36,59.0,7,15.333333333333334
878,Blue Jasmine,Drama,2013,98,7.3,160592,33.4,78.0,50,51.0
879,G.I. Joe: Retaliation,"Action,Adventure,Sci-Fi",2013,110,5.8,152145,122.51,41.0,8,24.0
880,Wrath of the Titans,"Action,Adventure,Fantasy",2012,99,5.8,159230,83.64,37.0,8,48.0
881,Shin Gojira,"Action,Adventure,Drama",2016,120,6.9,8365,1.91,68.0,12,3.0
882,Saving Mr. Banks,"Biography,Comedy,Drama",2013,125,7.5,125693,83.3,65.0,6,42.0
883,Transcendence,"Drama,Mystery,Romance",2014,119,6.3,184564,23.01,42.0,2,53.0
884,Rio,"Animation,Adventure,Comedy",2011,96,6.9,173919,143.62,63.0,9,21.333333333333332
885,Equals,"Drama,Romance,Sci-Fi",2015,101,6.1,16361,0.03,43.0,5,20.333333333333332
886,Babel,Drama,2006,143,7.5,253417,34.3,69.0,10,36.75
887,The Tree of Life,"Drama,Fantasy",2011,139,6.8,143517,13.3,85.0,10,37.5
888,The Lucky One,"Drama,Romance",2012,101,6.5,82874,60.44,39.0,11,20.75
889,Piranha 3D,"Comedy,Horror,Thriller",2010,88,5.5,75262,25.0,53.0,7,21.333333333333332
890,50/50,"Comedy,Drama,Romance",2011,100,7.7,281625,34.96,72.0,7,34.0
891,The Intent,"Crime,Drama",2016,104,3.5,202,,59.0,1,1.0
892,This Is 40,"Comedy,Romance",2012,134,6.2,108156,67.52,,6,23.5
893,Real Steel,"Action,Drama,Family",2011,127,7.1,264480,85.46,56.0,13,16.666666666666668
894,Sex and the City,"Comedy,Drama,Romance",2008,145,5.5,102547,152.64,53.0,3,28.5
895,Rambo,"Action,Thriller,War",2008,92,7.1,187077,42.72,46.0,9,30.25
896,Planet Terror,"Action,Comedy,Horror",2007,105,7.1,174553,,55.0,19,14.333333333333334
897,Concussion,"Biography,Drama,Sport",2015,123,7.1,61274,34.53,,3,46.25
898,The Fall,"Adventure,Comedy,Drama",2006,117,7.9,93036,2.28,64.0,6,10.0
899,The Ugly Truth,"Comedy,Romance",2009,96,6.5,172558,88.92,28.0,8,22.5
900,Bride Wars,"Comedy,Romance",2009,89,5.5,83976,58.72,24.0,8,27.5
901,Sleeping with Other People,"Comedy,Drama,Romance",2015,101,6.5,27730,0.81,64.0,3,16.0
902,Snakes on a Plane,"Action,Adventure,Crime",2006,105,5.6,118905,34.01,58.0,8,42.5
903,What If,"Comedy,Romance",2013,98,6.8,55243,3.45,59.0,7,18.5
904,How to Train Your Dragon 2,"Animation,Action,Adventure",2014,102,7.9,237565,177.0,76.0,5,35.5
905,RoboCop,"Action,Crime,Sci-Fi",2014,117,6.2,190833,58.61,52.0,7,38.5
906,In Dubious Battle,Drama,2016,110,6.2,1455,,43.0,13,45.75
907,"Hello, My Name Is Doris","Comedy,Drama,Romance",2015,95,6.7,12361,14.44,63.0,4,19.5
908,Ocean's Thirteen,"Crime,Thriller",2007,122,6.9,269581,117.14,62.0,31,36.666666666666664
909,Slither,"Comedy,Horror,Sci-Fi",2006,95,6.5,64351,7.77,69.0,6,31.0
910,Contagion,"Drama,Thriller",2011,106,6.6,187004,75.64,70.0,31,49.25
911,Il racconto dei racconti - Tale of Tales,"Drama,Fantasy,Horror",2015,133,6.4,17565,0.08,72.0,6,52.5
912,I Am the Pretty Thing That Lives in the House,Thriller,2016,87,4.7,4204,,68.0,3,21.5
913,Bridge to Terabithia,"Adventure,Drama,Family",2007,96,7.2,117297,82.23,74.0,1,32.75
914,Coherence,"Mystery,Sci-Fi,Thriller",2013,89,7.2,66265,0.07,65.0,2,6.75
915,Notorious,"Biography,Crime,Drama",2009,122,6.7,33007,36.84,60.0,1,16.0
916,Goksung,"Drama,Fantasy,Horror",2016,156,7.5,17962,0.79,81.0,1,9.75
917,The Expendables 2,"Action,Adventure,Thriller",2012,103,6.6,257395,85.02,51.0,10,29.333333333333332
918,The Girl Next Door,"Crime,Drama,Horror",2007,91,6.7,19351,,29.0,3,13.666666666666666
919,Perfume: The Story of a Murderer,"Crime,Drama,Fantasy",2006,147,7.5,199387,2.21,56.0,12,30.666666666666668
920,The Golden Compass,"Adventure,Family,Fantasy",2007,113,6.1,155078,70.08,51.0,7,27.5
921,Centurion,"Action,Adventure,Drama",2010,97,6.4,67801,0.12,62.0,6,21.333333333333332
922,Scouts Guide to the Zombie Apocalypse,"Action,Comedy,Horror",2015,93,6.3,31651,3.64,32.0,1,9.0
923,17 Again,"Comedy,Drama,Family",2009,102,6.4,152808,64.15,48.0,5,26.5
924,No Escape,"Action,Thriller",2015,103,6.8,57921,27.29,38.0,6,25.0
925,Superman Returns,"Action,Adventure,Sci-Fi",2006,154,6.1,246797,200.07,72.0,11,36.25
926,The Twilight Saga: Breaking Dawn - Part 1,"Adventure,Drama,Fantasy",2011,117,4.9,190244,281.28,45.0,11,22.0
927,Precious,Drama,2009,110,7.3,91623,47.54,79.0,5,14.0
928,The Sea of Trees,Drama,2015,110,5.9,7475,0.02,23.0,20,34.666666666666664
929,Good Kids,Comedy,2016,86,6.1,3843,,86.0,2,10.25
930,The Master,Drama,2012,144,7.1,112902,16.38,,9,24.666666666666668
931,Footloose,"Comedy,Drama,Music",2011,113,5.9,39380,51.78,58.0,4,7.333333333333333
932,If I Stay,"Drama,Fantasy,Music",2014,107,6.8,92170,50.46,46.0,2,14.666666666666666
933,The Ticket,Drama,2016,97,5.4,924,,52.0,2,25.0
934,Detour,Thriller,2016,97,6.3,2205,,46.0,9,9.0
935,The Love Witch,"Comedy,Horror",2016,120,6.2,4669,0.22,82.0,3,3.75
936,Talladega Nights: The Ballad of Ricky Bobby,"Action,Comedy,Sport",2006,108,6.6,137502,148.21,66.0,8,43.25
937,The Human Centipede (First Sequence),Horror,2009,92,4.4,60655,0.18,33.0,4,6.25
938,Super,"Comedy,Drama",2010,96,6.8,64535,0.32,50.0,6,36.0
939,The Siege of Jadotville,"Action,Drama,Thriller",2016,108,7.3,14689,,83.0,2,28.0
940,Up in the Air,"Drama,Romance",2009,109,7.4,279694,83.81,,7,28.666666666666668
941,The Midnight Meat Train,"Horror,Mystery",2008,98,6.1,50255,0.07,58.0,11,37.0
942,The Twilight Saga: Eclipse,"Adventure,Drama,Fantasy",2010,124,4.9,192740,300.52,58.0,4,21.333333333333332
943,Transpecos,Thriller,2016,86,5.8,1292,,73.0,2,9.333333333333334
944,What's Your Number?,"Comedy,Romance",2011,106,6.1,62095,13.99,35.0,4,32.5
945,Riddick,"Action,Sci-Fi,Thriller",2013,119,6.4,132098,42.0,49.0,8,23.5
946,Triangle,"Fantasy,Mystery,Thriller",2009,99,6.9,72533,,66.0,9,7.333333333333333
947,The Butler,"Biography,Drama",2013,132,7.2,93322,116.63,,5,56.25
948,King Cobra,"Crime,Drama",2016,91,5.6,3990,0.03,48.0,3,27.0
949,After Earth,"Action,Adventure,Sci-Fi",2013,100,4.9,166512,60.52,33.0,13,7.666666666666667
950,Kicks,Adventure,2016,80,6.1,2417,0.15,69.0,2,3.3333333333333335
951,Me and Earl and the Dying Girl,"Comedy,Drama",2015,105,7.8,92076,6.74,74.0,3,16.0
952,The Descendants,"Comedy,Drama",2011,115,7.3,211348,82.62,84.0,9,17.0
953,Sex and the City 2,"Comedy,Drama,Romance",2010,146,4.3,62403,95.33,27.0,3,28.5
954,The Kings of Summer,"Adventure,Comedy,Drama",2013,95,7.2,65653,1.29,61.0,5,6.333333333333333
955,Death Race,"Action,Sci-Fi,Thriller",2008,105,6.4,173731,36.06,43.0,13,33.75
956,That Awkward Moment,"Comedy,Romance",2014,94,6.2,81823,26.05,36.0,2,21.0
957,Legion,"Action,Fantasy,Horror",2010,100,5.2,84158,40.17,32.0,5,39.75
958,End of Watch,"Crime,Drama,Thriller",2012,109,7.7,192190,40.98,68.0,7,32.5
959,3 Days to Kill,"Action,Drama,Thriller",2014,117,6.2,73567,30.69,40.0,7,31.75
960,Lucky Number Slevin,"Crime,Drama,Mystery",2006,110,7.8,271940,22.49,53.0,9,58.75
961,Trance,"Crime,Drama,Mystery",2013,101,7.0,97141,2.32,61.0,15,30.333333333333332
962,Into the Forest,"Drama,Sci-Fi,Thriller",2015,101,5.9,10220,0.01,59.0,5,18.666666666666668
963,The Other Boleyn Girl,"Biography,Drama,History",2008,115,6.7,88260,26.81,50.0,4,31.333333333333332
964,I Spit on Your Grave,"Crime,Horror,Thriller",2010,108,6.3,60133,0.09,27.0,15,4.666666666666667
965,Custody,Drama,2016,104,6.9,280,,72.0,5,34.75
966,Inland Empire,"Drama,Mystery,Thriller",2006,180,7.0,44227,,,31,33.0
967,L'odyssée,"Adventure,Biography",2016,122,6.7,1810,,70.0,6,19.666666666666668
968,The Walk,"Adventure,Biography,Crime",2015,123,7.3,92378,10.14,,20,14.0
969,Wrecker,"Action,Horror,Thriller",2015,83,3.5,1210,,37.0,1,4.666666666666667
970,The Lone Ranger,"Action,Adventure,Western",2013,150,6.5,190855,89.29,,11,29.0
971,Texas Chainsaw 3D,"Horror,Thriller",2013,92,4.8,37060,34.33,62.0,4,13.25
972,Disturbia,"Drama,Mystery,Thriller",2007,105,6.9,193491,80.05,,10,28.75
973,Rock of Ages,"Comedy,Drama,Musical",2012,123,5.9,64513,38.51,47.0,9,37.5
974,Scream 4,"Horror,Mystery",2011,111,6.2,108544,38.18,52.0,24,25.25
975,Queen of Katwe,"Biography,Drama,Sport",2016,124,7.4,6753,8.81,73.0,16,9.75
976,My Big Fat Greek Wedding 2,"Comedy,Family,Romance",2016,94,6.0,20966,59.57,37.0,7,21.75
977,Dark Places,"Drama,Mystery,Thriller",2015,113,6.2,31634,,39.0,5,29.75
978,Amateur Night,Comedy,2016,92,5.0,2229,,38.0,2,8.0
979,It's Only the End of the World,Drama,2016,97,7.0,10658,,48.0,7,37.25
980,The Skin I Live In,"Drama,Thriller",2011,120,7.6,108772,3.19,70.0,21,31.0
981,Miracles from Heaven,"Biography,Drama,Family",2016,109,7.0,12048,61.69,44.0,6,13.333333333333334
982,Annie,"Comedy,Drama,Family",2014,118,5.3,27312,85.91,33.0,5,33.0
983,Across the Universe,"Drama,Fantasy,Musical",2007,133,7.4,95172,24.34,56.0,4,17.0
984,Let's Be Cops,Comedy,2014,104,6.5,112729,82.39,30.0,5,20.5
985,Max,"Adventure,Family",2015,111,6.8,21405,42.65,47.0,8,12.666666666666666
986,Your Highness,"Adventure,Comedy,Fantasy",2011,102,5.6,87904,21.56,31.0,12,40.75
987,Final Destination 5,"Horror,Thriller",2011,92,5.9,88000,42.58,50.0,4,8.5
988,Endless Love,"Drama,Romance",2014,104,6.3,33688,23.39,30.0,4,6.0
989,Martyrs,Horror,2008,99,7.1,63785,,89.0,4,6.0
990,Selma,"Biography,Drama,History",2014,128,7.5,67637,52.07,,6,31.25
991,Underworld: Rise of the Lycans,"Action,Adventure,Fantasy",2009,92,6.6,129708,45.8,44.0,2,40.0
992,Taare Zameen Par,"Drama,Family,Music",2007,165,8.5,102697,1.2,42.0,2,9.75
993,Take Me Home Tonight,"Comedy,Drama,Romance",2011,97,6.3,45419,6.92,,7,24.25
994,Resident Evil: Afterlife,"Action,Adventure,Horror",2010,97,5.9,140900,60.13,37.0,13,19.333333333333332
995,Project X,Comedy,2012,88,6.7,164088,54.72,48.0,3,7.75
996,Secret in Their Eyes,"Crime,Drama,Mystery",2015,111,6.2,27585,,45.0,4,44.25
997,Hostel: Part II,Horror,2007,94,5.5,73152,17.54,46.0,6,16.25
998,Step Up 2: The Streets,"Drama,Music,Romance",2008,98,6.2,70699,58.01,50.0,8,8.75
999,Search Party,"Adventure,Comedy",2014,93,5.6,4881,,22.0,2,15.666666666666666
1000,Nine Lives,"Comedy,Family,Fantasy",2016,87,5.3,12435,19.64,11.0,12,30.0
